Model,Query,Top_1_ID,Top_3_IDs,Top_5_IDs,Top_10_IDs,Expected_Ranks,Scores,MRR,NDCG@10,EmbedLatency,FAISSLatency,E2ELatency
sentence-transformers/all-MiniLM-L6-v2,books for learning deep learning and neural networks,OL19545719W,"['OL19545719W', 'OL19542613W', 'OL20156618W']","['OL19545719W', 'OL19542613W', 'OL20156618W', 'OL19545695W', 'OL20524353W']","['OL19545719W', 'OL19542613W', 'OL20156618W', 'OL19545695W', 'OL20524353W', 'OL21143388W', 'OL25327390W', 'OL21208806W', 'OL36475079W', 'OL20731944W']","[1, 2, 4, 5, 6, 7, 8, 9, 12, 15, 18, 19, 23, 25, 27, 28, 33, 36, 37, 41, 43, 44, 45, 46, 47]","[0.6624969244003296, 0.6458274722099304, 0.6347119212150574, 0.6232166290283203, 0.6223922371864319, 0.6191123723983765, 0.6099191904067993, 0.6026720404624939, 0.6009505987167358, 0.5978514552116394, 0.5944747924804688, 0.5939080119132996, 0.5931394100189209, 0.5898937582969666, 0.5884686708450317, 0.5869722366333008, 0.5855335593223572, 0.585326075553894, 0.5852647423744202, 0.5841022729873657, 0.5835884213447571, 0.5833971500396729, 0.5818936824798584, 0.5807656049728394, 0.5796600580215454, 0.5789014101028442, 0.5785950422286987, 0.5780839323997498, 0.5765304565429688, 0.5753369331359863, 0.5736035108566284, 0.572566032409668, 0.5724261403083801, 0.5693082809448242, 0.5662858486175537, 0.5638313293457031, 0.5633077025413513, 0.5596247911453247, 0.5593984127044678, 0.5549612641334534, 0.5546358823776245, 0.5538668036460876, 0.5510460734367371, 0.5510128736495972, 0.5474740266799927, 0.5450210571289062, 0.5323408842086792, 0.5275923013687134, 0.5190528631210327, 0.5137372016906738]",1.0,0.8871413661524288,11.63000000019565,5.732699999953184,99.50970000022608
sentence-transformers/all-MiniLM-L6-v2,a book about good habits,OL2671725W,"['OL2671725W', 'OL34199433W', 'OL2003891W']","['OL2671725W', 'OL34199433W', 'OL2003891W', 'OL20319536W', 'OL17399904W']","['OL2671725W', 'OL34199433W', 'OL2003891W', 'OL20319536W', 'OL17399904W', 'OL20330730W', 'OL2025347W', 'OL2470405W', 'OL19639917W', 'OL26309691W']","[1, 2, 3, 4, 5, 6, 7, 10, 12, 16, 18, 19, 20, 21, 25, 26, 29, 32, 35, 38, 40, 42, 43, 45, 49]","[0.8485448360443115, 0.8418183326721191, 0.778893232345581, 0.7690349221229553, 0.759190559387207, 0.7572904229164124, 0.7438004016876221, 0.7222295999526978, 0.7151461839675903, 0.7106167078018188, 0.7104944586753845, 0.7080098986625671, 0.6999344229698181, 0.698993444442749, 0.6969618201255798, 0.695176899433136, 0.6925781965255737, 0.6918942332267761, 0.6898399591445923, 0.6868654489517212, 0.682671070098877, 0.682671070098877, 0.6824586987495422, 0.6822738647460938, 0.678062379360199, 0.6778446435928345, 0.676443338394165, 0.6764186024665833, 0.6754313111305237, 0.6685048937797546, 0.6635841131210327, 0.6615700721740723, 0.6529305577278137, 0.6413220167160034, 0.6397554874420166, 0.6391695737838745, 0.6328215599060059, 0.6325117349624634, 0.6255639791488647, 0.6249361038208008, 0.6172459125518799, 0.6161069869995117, 0.6120495200157166, 0.6115139126777649, 0.6016519069671631, 0.5905565023422241, 0.5661917328834534, 0.5614733695983887, 0.5585265159606934, 0.5215604305267334]",1.0,0.9976490373048633,13.627300000052855,0.2514999998766143,61.86569999999847
sentence-transformers/all-MiniLM-L6-v2,magic and wizards,OL20776463W,"['OL20776463W', 'OL20226935W', 'OL20534174W']","['OL20776463W', 'OL20226935W', 'OL20534174W', 'OL28625253W', 'OL25327182W']","['OL20776463W', 'OL20226935W', 'OL20534174W', 'OL28625253W', 'OL25327182W', 'OL20507634W', 'OL22094743W', 'OL16688362W', 'OL19759110W', 'OL8505479W']","[1, 2, 3, 4, 6, 7, 8, 12, 13, 17, 18, 19, 20, 22, 24, 25, 27, 28, 33, 36, 37, 40, 42, 47, 49]","[0.635193943977356, 0.6188387870788574, 0.5815625190734863, 0.5806750655174255, 0.5806571841239929, 0.5801718235015869, 0.5659811496734619, 0.5643283128738403, 0.5640471577644348, 0.5612696409225464, 0.5586220026016235, 0.556342601776123, 0.555774450302124, 0.5541846752166748, 0.5525173544883728, 0.5521355867385864, 0.5490367412567139, 0.5472878217697144, 0.5463948249816895, 0.5456354022026062, 0.5410794615745544, 0.5325705409049988, 0.5290944576263428, 0.5257369875907898, 0.524781346321106, 0.5210350155830383, 0.514299750328064, 0.5134357213973999, 0.5124551653862, 0.5099179148674011, 0.5086337924003601, 0.5009255409240723, 0.500203013420105, 0.5000029802322388, 0.4971773326396942, 0.4950626492500305, 0.49436497688293457, 0.49265533685684204, 0.4909024238586426, 0.48943090438842773, 0.48213016986846924, 0.4783259928226471, 0.47829437255859375, 0.4780838191509247, 0.4771469533443451, 0.4703114628791809, 0.4578527808189392, 0.4223860502243042, 0.4175952970981598, 0.41199859976768494]",1.0,0.8817913564572138,11.453200000005381,0.37120000001777953,119.51710000016647
sentence-transformers/all-MiniLM-L6-v2,science fiction books about space exploration,OL16414382W,"['OL16414382W', 'OL8116518W', 'OL22341652W']","['OL16414382W', 'OL8116518W', 'OL22341652W', 'OL221297W', 'OL18800572W']","['OL16414382W', 'OL8116518W', 'OL22341652W', 'OL221297W', 'OL18800572W', 'OL1951825W', 'OL26411813W', 'OL15487503W', 'OL20705423W', 'OL15189158W']","[1, 2, 3, 6, 7, 9, 10, 11, 12, 14, 15, 16, 19, 20, 21, 23, 24, 29, 30, 31, 32, 33, 39, 44, 48]","[0.731499195098877, 0.7274720668792725, 0.706807553768158, 0.6912156343460083, 0.6857342720031738, 0.6854506731033325, 0.6804989576339722, 0.6755754947662354, 0.6702940464019775, 0.6672916412353516, 0.6667885184288025, 0.6653758883476257, 0.661598265171051, 0.6607882976531982, 0.6606066226959229, 0.6577705144882202, 0.6568727493286133, 0.6495479345321655, 0.6483871936798096, 0.6451162099838257, 0.6449662446975708, 0.6434444785118103, 0.6374984979629517, 0.6352471113204956, 0.6340166926383972, 0.6310543417930603, 0.6306531429290771, 0.6277834177017212, 0.6261767148971558, 0.6171250343322754, 0.6152351498603821, 0.6141448020935059, 0.6117923259735107, 0.6116434931755066, 0.608426570892334, 0.607401430606842, 0.6056907773017883, 0.6014246940612793, 0.5973645448684692, 0.5957853198051453, 0.5922262668609619, 0.590038001537323, 0.5871569514274597, 0.5805195569992065, 0.55140620470047, 0.5266447067260742, 0.5263476371765137, 0.5233770608901978, 0.5232305526733398, 0.4861147403717041]",1.0,0.7912235066332045,15.17609999996239,0.2922000001035485,58.70740000000296
sentence-transformers/all-MiniLM-L6-v2,books for learning Python,OL19542202W,"['OL19542202W', 'OL17928594W', 'OL20924096W']","['OL19542202W', 'OL17928594W', 'OL20924096W', 'OL39372145W', 'OL19542840W']","['OL19542202W', 'OL17928594W', 'OL20924096W', 'OL39372145W', 'OL19542840W', 'OL26602960W', 'OL17191899W', 'OL19546442W', 'OL13301932W', 'OL2201833W']","[1, 2, 3, 4, 5, 6, 7, 8, 9, 11, 12, 13, 15, 18, 23, 24, 25, 27, 29, 31, 32, 33, 34, 35, 41]","[0.7679022550582886, 0.7400115728378296, 0.7350984811782837, 0.7147138714790344, 0.7028262615203857, 0.6939197778701782, 0.6912599802017212, 0.6839476823806763, 0.67999666929245, 0.6777806282043457, 0.67576003074646, 0.6751701831817627, 0.6732493042945862, 0.6732479333877563, 0.6718438863754272, 0.6708489656448364, 0.6646007299423218, 0.6617737412452698, 0.6612623929977417, 0.6612623929977417, 0.6612623929977417, 0.6604808568954468, 0.6563606262207031, 0.6563366651535034, 0.6556674242019653, 0.6536065936088562, 0.6496938467025757, 0.6483623385429382, 0.6480855941772461, 0.645491361618042, 0.6451348662376404, 0.6441943049430847, 0.64412522315979, 0.6439546346664429, 0.6422047019004822, 0.6417901515960693, 0.6415078639984131, 0.6389194130897522, 0.6343157291412354, 0.621047854423523, 0.6136913895606995, 0.609215259552002, 0.5982188582420349, 0.5973648428916931, 0.5919386148452759, 0.5904626846313477, 0.5807413458824158, 0.5794594287872314, 0.575221061706543, 0.5696345567703247]",1.0,0.9481069894166072,9.539299999914874,0.265599999920596,126.3755999998466
sentence-transformers/all-MiniLM-L6-v2,machine learning for beginners,OL20794000W,"['OL20794000W', 'OL19884958W', 'OL19542893W']","['OL20794000W', 'OL19884958W', 'OL19542893W', 'OL6991918W', 'OL25591389W']","['OL20794000W', 'OL19884958W', 'OL19542893W', 'OL6991918W', 'OL25591389W', 'OL36759340W', 'OL9767368W', 'OL25242642W', 'OL2248893W', 'OL19543070W']","[1, 2, 3, 5, 6, 8, 10, 11, 12, 14, 23, 26, 27, 31, 32, 33, 36, 37, 38, 40, 42, 44, 45, 48, 50]","[0.7340205311775208, 0.6587567329406738, 0.6451379060745239, 0.6381964087486267, 0.6298891305923462, 0.6233989000320435, 0.6228203773498535, 0.620944619178772, 0.6171005368232727, 0.6130266189575195, 0.6085202693939209, 0.6081136465072632, 0.603229284286499, 0.5851761102676392, 0.5820629596710205, 0.5805892944335938, 0.5787841081619263, 0.5711655616760254, 0.5695647597312927, 0.5664559006690979, 0.5658857822418213, 0.5655117034912109, 0.5641430616378784, 0.5614282488822937, 0.5601934790611267, 0.5561842918395996, 0.5551545023918152, 0.5514259338378906, 0.5498427152633667, 0.5489181280136108, 0.5473178029060364, 0.5468597412109375, 0.5466976165771484, 0.5460134148597717, 0.5433540344238281, 0.5425070524215698, 0.5404738187789917, 0.5372506380081177, 0.5323077440261841, 0.5310060977935791, 0.5261470675468445, 0.5189666748046875, 0.5183535814285278, 0.5117952227592468, 0.511133074760437, 0.5047745108604431, 0.5029672384262085, 0.49872323870658875, 0.4946032166481018, 0.49407464265823364]",1.0,0.9428651771647469,10.701400000016292,0.2482999998392188,54.59449999989374
sentence-transformers/all-MiniLM-L6-v2,books about psychology and human behavior,OL21065206W,"['OL21065206W', 'OL36566191W', 'OL1490829W']","['OL21065206W', 'OL36566191W', 'OL1490829W', 'OL13655545W', 'OL7578440W']","['OL21065206W', 'OL36566191W', 'OL1490829W', 'OL13655545W', 'OL7578440W', 'OL572920W', 'OL5363856W', 'OL19138961W', 'OL5363855W', 'OL1247041W']","[1, 2, 3, 4, 5, 6, 7, 8, 9, 10, 11, 13, 16, 20, 24, 25, 27, 28, 30, 31, 32, 36, 41, 45, 50]","[0.716928243637085, 0.7156444787979126, 0.7041159868240356, 0.6897574663162231, 0.6897574663162231, 0.6885873675346375, 0.6792376637458801, 0.6716869473457336, 0.6686444282531738, 0.6663438677787781, 0.6654086112976074, 0.6641168594360352, 0.6626472473144531, 0.6577316522598267, 0.6569391489028931, 0.6565849781036377, 0.6400362849235535, 0.6309306621551514, 0.6307070255279541, 0.6303164958953857, 0.6300228834152222, 0.6289342641830444, 0.6255021095275879, 0.6249912977218628, 0.624355137348175, 0.6194198131561279, 0.6141144633293152, 0.6132974624633789, 0.6009854078292847, 0.5980792045593262, 0.5921964645385742, 0.5921964645385742, 0.586429238319397, 0.5854881405830383, 0.5773375034332275, 0.5722748041152954, 0.5664972066879272, 0.5660833120346069, 0.5640870332717896, 0.5640870332717896, 0.5575851798057556, 0.5573290586471558, 0.555640459060669, 0.552513837814331, 0.5473834276199341, 0.5425538420677185, 0.5278414487838745, 0.5150439739227295, 0.5058940649032593, 0.47390055656433105]",1.0,0.7815503689018568,11.901699999953053,0.26580000007925264,62.30110000001332
sentence-transformers/all-MiniLM-L6-v2,Victorian mystery novels,OL24844691W,"['OL24844691W', 'OL21365178W', 'OL446516W']","['OL24844691W', 'OL21365178W', 'OL446516W', 'OL16574881W', 'OL28791775W']","['OL24844691W', 'OL21365178W', 'OL446516W', 'OL16574881W', 'OL28791775W', 'OL4495329W', 'OL24684587W', 'OL471975W', 'OL15240028W', 'OL21384687W']","[1, 2, 3, 4, 5, 6, 9, 12, 13, 14, 15, 16, 18, 19, 20, 21, 24, 25, 26, 30, 31, 32, 34, 35, 41]","[0.7268937826156616, 0.7060003280639648, 0.7019491195678711, 0.7012866139411926, 0.6993533372879028, 0.6878538131713867, 0.6845154166221619, 0.6838197708129883, 0.6759077906608582, 0.6752360463142395, 0.6740895509719849, 0.6726651787757874, 0.6698080897331238, 0.6698080897331238, 0.6687417030334473, 0.6681778430938721, 0.6676560640335083, 0.6622948050498962, 0.6608386039733887, 0.6575614213943481, 0.6497129201889038, 0.6485788822174072, 0.6417645215988159, 0.6414941549301147, 0.6378603577613831, 0.636223316192627, 0.6351536512374878, 0.6326147317886353, 0.6326147317886353, 0.6302495002746582, 0.6209957599639893, 0.6133363246917725, 0.6127180457115173, 0.5820732116699219, 0.5740600824356079, 0.5623534917831421, 0.5559023022651672, 0.5491484999656677, 0.5415856838226318, 0.5331730842590332, 0.5321123600006104, 0.5158278346061707, 0.5146775841712952, 0.49992284178733826, 0.4907589852809906, 0.4826856553554535, 0.4789137840270996, 0.4695985019207001, 0.464481920003891, 0.4194072186946869]",1.0,0.9324601919297774,10.242599999855884,0.320099999953527,56.86019999984637
sentence-transformers/all-MiniLM-L6-v2,books about artificial intelligence,OL16042574W,"['OL16042574W', 'OL3486060W', 'OL16962439W']","['OL16042574W', 'OL3486060W', 'OL16962439W', 'OL32137277W', 'OL17904680W']","['OL16042574W', 'OL3486060W', 'OL16962439W', 'OL32137277W', 'OL17904680W', 'OL4326833W', 'OL20618628W', 'OL2763190W', 'OL17814125W', 'OL8324381W']","[1, 2, 3, 4, 6, 7, 8, 10, 11, 14, 20, 24, 27, 29, 30, 31, 32, 33, 34, 35, 37, 39, 46, 47, 49]","[0.7856590747833252, 0.7319629192352295, 0.7307380437850952, 0.7051685452461243, 0.7002445459365845, 0.6896680593490601, 0.6830632090568542, 0.6713984608650208, 0.6669690012931824, 0.6639760732650757, 0.6579707264900208, 0.655150294303894, 0.6547865867614746, 0.6534414887428284, 0.6532638072967529, 0.6532638072967529, 0.6518927812576294, 0.6518927812576294, 0.6507214903831482, 0.6474254131317139, 0.6470527648925781, 0.6446657180786133, 0.641771674156189, 0.6408118605613708, 0.6374563574790955, 0.6367992162704468, 0.6350980997085571, 0.6327694654464722, 0.6316826343536377, 0.6283992528915405, 0.6283437013626099, 0.6282640695571899, 0.6272040009498596, 0.6256300806999207, 0.6251475811004639, 0.6247301697731018, 0.6231071949005127, 0.6225079298019409, 0.6223074197769165, 0.6207473874092102, 0.6122809648513794, 0.6115372180938721, 0.6067997217178345, 0.6037682294845581, 0.6028791069984436, 0.5977253913879395, 0.5966595411300659, 0.5944021344184875, 0.5663784742355347, 0.31197670102119446]",1.0,0.9806086469109081,9.934299999940777,0.26830000001609733,74.0306000000146
sentence-transformers/all-MiniLM-L6-v2,database management books,OL16924669W,"['OL16924669W', 'OL21422159W', 'OL8941730W']","['OL16924669W', 'OL21422159W', 'OL8941730W', 'OL4972419W', 'OL4909504W']","['OL16924669W', 'OL21422159W', 'OL8941730W', 'OL4972419W', 'OL4909504W', 'OL19546656W', 'OL21114729W', 'OL4800851W', 'OL20467585W', 'OL1885766W']","[2, 3, 4, 6, 7, 8, 11, 12, 13, 14, 16, 18, 19, 20, 21, 24, 25, 31, 39, 42, 44, 46, 48, 49, 50]","[0.7638795375823975, 0.7553934454917908, 0.7485778331756592, 0.747087299823761, 0.7423437237739563, 0.7351174354553223, 0.7217766642570496, 0.7193339467048645, 0.7186321020126343, 0.7182821035385132, 0.7148277759552002, 0.7146909236907959, 0.7136387825012207, 0.7126505374908447, 0.7096701860427856, 0.7077010273933411, 0.7074744701385498, 0.6926167011260986, 0.6891564726829529, 0.6891564726829529, 0.6883381009101868, 0.6876798272132874, 0.687085747718811, 0.6794281005859375, 0.6771866679191589, 0.6755900382995605, 0.6734601259231567, 0.6712304949760437, 0.6664878129959106, 0.6659020781517029, 0.6629807353019714, 0.6519990563392639, 0.6506701707839966, 0.6491496562957764, 0.6491496562957764, 0.6491496562957764, 0.6491496562957764, 0.648254930973053, 0.6402255296707153, 0.6392220258712769, 0.6386774778366089, 0.6380977630615234, 0.6380977630615234, 0.6374729871749878, 0.6051805019378662, 0.5997188091278076, 0.5965641736984253, 0.528756320476532, 0.5105155110359192, 0.3925975263118744]",0.5,0.7215201671700517,11.440199999924516,0.31360000002678134,53.995799999938754
sentence-transformers/all-MiniLM-L6-v2,books about computer networks,OL16952919W,"['OL16952919W', 'OL20813667W', 'OL16458716W']","['OL16952919W', 'OL20813667W', 'OL16458716W', 'OL8003228W', 'OL17976140W']","['OL16952919W', 'OL20813667W', 'OL16458716W', 'OL8003228W', 'OL17976140W', 'OL19836629W', 'OL16944382W', 'OL21244396W', 'OL3258748W', 'OL2645710W']","[2, 5, 6, 8, 10, 11, 12, 14, 15, 18, 20, 23, 24, 28, 33, 34, 36, 37, 38, 40, 41, 43, 44, 47, 48]","[0.750003457069397, 0.7408212423324585, 0.7278100252151489, 0.7272670269012451, 0.7194650173187256, 0.7052669525146484, 0.7051703929901123, 0.7050912380218506, 0.6862335205078125, 0.6837664246559143, 0.6794575452804565, 0.6792179942131042, 0.6720321178436279, 0.6617523431777954, 0.6501762270927429, 0.6498057842254639, 0.6485834717750549, 0.647146999835968, 0.6419297456741333, 0.6415705680847168, 0.6302270889282227, 0.629492998123169, 0.6249167919158936, 0.6243366003036499, 0.6215062141418457, 0.6183905601501465, 0.616073727607727, 0.6158922910690308, 0.6050025224685669, 0.5994136333465576, 0.594093918800354, 0.594093918800354, 0.593675971031189, 0.5933338403701782, 0.5847008228302002, 0.5780741572380066, 0.5767123699188232, 0.5708222389221191, 0.5516659617424011, 0.550108015537262, 0.5427454710006714, 0.534870982170105, 0.5174148678779602, 0.5151237845420837, 0.5147441625595093, 0.47656506299972534, 0.44519075751304626, 0.36755645275115967, 0.32362374663352966, 0.23761872947216034]",0.5,0.6548258519097064,9.890900000073088,0.3160000001116714,36.44950000011704
sentence-transformers/all-MiniLM-L6-v2,operating systems textbooks,OL8584984W,"['OL8584984W', 'OL16805798W', 'OL17305826W']","['OL8584984W', 'OL16805798W', 'OL17305826W', 'OL17304891W', 'OL4331179W']","['OL8584984W', 'OL16805798W', 'OL17305826W', 'OL17304891W', 'OL4331179W', 'OL5440161W', 'OL4638064W', 'OL3231957W', 'OL18660401W', 'OL4064356W']","[1, 5, 8, 10, 11, 12, 13, 14, 16, 18, 19, 20, 21, 25, 26, 27, 28, 29, 31, 33, 35, 42, 45, 47, 48]","[0.8022634983062744, 0.7653777599334717, 0.763770341873169, 0.763770341873169, 0.753288984298706, 0.7490552067756653, 0.7381039261817932, 0.7325430512428284, 0.7324528098106384, 0.7317506074905396, 0.729437530040741, 0.7293145060539246, 0.7288730144500732, 0.7278573513031006, 0.7226489186286926, 0.7210425138473511, 0.7203023433685303, 0.7162519693374634, 0.7161046862602234, 0.7111742496490479, 0.7104341983795166, 0.7103563547134399, 0.7103476524353027, 0.7034859657287598, 0.6996102333068848, 0.6990656852722168, 0.6979570388793945, 0.6979570388793945, 0.6931711435317993, 0.6929804086685181, 0.6917053461074829, 0.6913626790046692, 0.6901421546936035, 0.6850275993347168, 0.6821101903915405, 0.6756621599197388, 0.6752234697341919, 0.6732968091964722, 0.6701806783676147, 0.6694414615631104, 0.6694414615631104, 0.6685572862625122, 0.6677252650260925, 0.6619871258735657, 0.65471351146698, 0.6509437561035156, 0.6484479904174805, 0.6329855918884277, 0.6258299350738525, 0.533912181854248]",1.0,0.7908030935717852,14.307599999938247,0.42740000003504974,65.44529999996485
sentence-transformers/all-MiniLM-L6-v2,books about data structures and algorithms,OL17188463W,"['OL17188463W', 'OL17305825W', 'OL17188538W']","['OL17188463W', 'OL17305825W', 'OL17188538W', 'OL2657857W', 'OL17190334W']","['OL17188463W', 'OL17305825W', 'OL17188538W', 'OL2657857W', 'OL17190334W', 'OL42406117W', 'OL21670111W', 'OL19543579W', 'OL21437350W', 'OL33357715W']","[1, 2, 3, 4, 5, 7, 8, 10, 14, 15, 17, 20, 21, 24, 26, 28, 30, 31, 32, 35, 38, 39, 40, 44, 45]","[0.8282930850982666, 0.7867565155029297, 0.7817369699478149, 0.7675143480300903, 0.7588415145874023, 0.7500350475311279, 0.7493263483047485, 0.741881787776947, 0.7418121099472046, 0.735065221786499, 0.731035590171814, 0.7232733964920044, 0.7224397659301758, 0.7206786870956421, 0.7178441286087036, 0.7174513339996338, 0.7144895792007446, 0.7133466005325317, 0.711898684501648, 0.7093705534934998, 0.7086034417152405, 0.7069967985153198, 0.7065603733062744, 0.7053328156471252, 0.6989307999610901, 0.697162926197052, 0.6958650350570679, 0.6935991644859314, 0.6935139894485474, 0.6930909752845764, 0.6922595500946045, 0.691057562828064, 0.6903507709503174, 0.6878690719604492, 0.6868507862091064, 0.6843746900558472, 0.6828739643096924, 0.6815613508224487, 0.6777809262275696, 0.6753714084625244, 0.6669447422027588, 0.665420651435852, 0.6598220467567444, 0.6395540237426758, 0.6253288984298706, 0.6208272576332092, 0.6168049573898315, 0.6141523122787476, 0.6109296679496765, 0.5968273282051086]",1.0,0.8360497819910151,13.192000000117332,0.38049999989198113,55.34740000007332
sentence-transformers/all-MiniLM-L6-v2,books for learning Java,OL19548220W,"['OL19548220W', 'OL17100011W', 'OL17099842W']","['OL19548220W', 'OL17100011W', 'OL17099842W', 'OL17099713W', 'OL17188458W']","['OL19548220W', 'OL17100011W', 'OL17099842W', 'OL17099713W', 'OL17188458W', 'OL17188450W', 'OL17189565W', 'OL17189328W', 'OL17305814W', 'OL17305518W']","[1, 2, 3, 4, 5, 6, 7, 8, 9, 10, 11, 12, 13, 14, 15, 18, 20, 21, 23, 24, 26, 31, 42, 43, 47]","[0.7636024951934814, 0.7491908073425293, 0.7487986087799072, 0.7487986087799072, 0.747071385383606, 0.7376850843429565, 0.7376850843429565, 0.7376850843429565, 0.7376850843429565, 0.7376850843429565, 0.7376850843429565, 0.7376850843429565, 0.7372783422470093, 0.7233272194862366, 0.7188162207603455, 0.7107722163200378, 0.7088092565536499, 0.704226016998291, 0.7008259296417236, 0.7006873488426208, 0.6991656422615051, 0.6932139992713928, 0.6907957792282104, 0.6907870769500732, 0.6899299621582031, 0.6895077228546143, 0.6894550323486328, 0.6813033819198608, 0.6789356470108032, 0.6735018491744995, 0.6726784706115723, 0.6706840395927429, 0.6686915159225464, 0.6673256158828735, 0.6664870977401733, 0.6583271026611328, 0.6522896885871887, 0.6509736180305481, 0.6484600305557251, 0.6478645205497742, 0.647627592086792, 0.6461004018783569, 0.6433308720588684, 0.6412705183029175, 0.6135531663894653, 0.6089496612548828, 0.5555210709571838, 0.5542833805084229, 0.5450617074966431, 0.47371527552604675]",1.0,0.8889896595717778,12.064199999940683,0.29169999993428064,56.101399999988644
sentence-transformers/all-MiniLM-L6-v2,books about web development,OL20732060W,"['OL20732060W', 'OL19854114W', 'OL19543634W']","['OL20732060W', 'OL19854114W', 'OL19543634W', 'OL17581323W', 'OL15343235W']","['OL20732060W', 'OL19854114W', 'OL19543634W', 'OL17581323W', 'OL15343235W', 'OL2172108W', 'OL20996141W', 'OL8021939W', 'OL5826938W', 'OL2641165W']","[1, 3, 4, 6, 9, 10, 11, 12, 13, 18, 19, 20, 24, 27, 28, 30, 31, 32, 35, 36, 40, 44, 45, 46, 47]","[0.7453441619873047, 0.7437666654586792, 0.7402985095977783, 0.6983712911605835, 0.6940385699272156, 0.685713529586792, 0.6782534718513489, 0.6686664819717407, 0.66704261302948, 0.6657854318618774, 0.6651738882064819, 0.6649549007415771, 0.6642858982086182, 0.6587651968002319, 0.6573233604431152, 0.6572479009628296, 0.6558496952056885, 0.6554552316665649, 0.6479317545890808, 0.6413103342056274, 0.6387869119644165, 0.6387801170349121, 0.6387801170349121, 0.6375967860221863, 0.637130856513977, 0.6356516480445862, 0.6318546533584595, 0.6274479627609253, 0.6249732971191406, 0.6247873306274414, 0.6240891218185425, 0.6239141225814819, 0.6185908317565918, 0.6163876056671143, 0.6157901287078857, 0.6127415895462036, 0.6055172681808472, 0.605181097984314, 0.5954675674438477, 0.5872284173965454, 0.5835089683532715, 0.5714484453201294, 0.5693231821060181, 0.5643491148948669, 0.556378960609436, 0.5491923093795776, 0.5306018590927124, 0.49762919545173645, 0.46437060832977295, 0.4126753807067871]",1.0,0.8531138833356511,10.29500000004191,0.24819999998726416,106.86179999993328
sentence-transformers/all-MiniLM-L6-v2,books about cybersecurity,OL34498336W,"['OL34498336W', 'OL20546296W', 'OL36855044W']","['OL34498336W', 'OL20546296W', 'OL36855044W', 'OL39211580W', 'OL21510961W']","['OL34498336W', 'OL20546296W', 'OL36855044W', 'OL39211580W', 'OL21510961W', 'OL20186610W', 'OL26812791W', 'OL16214804W', 'OL15159566W', 'OL22184420W']","[1, 4, 5, 6, 7, 8, 10, 11, 14, 16, 17, 18, 19, 20, 24, 26, 31, 32, 33, 35, 37, 38, 41, 47, 49]","[0.7794445157051086, 0.7424126267433167, 0.7399999499320984, 0.7386267185211182, 0.734769344329834, 0.7248108983039856, 0.7241495251655579, 0.7195349931716919, 0.7183319330215454, 0.7143707275390625, 0.7114751935005188, 0.708647608757019, 0.7045074701309204, 0.7022871971130371, 0.7010500431060791, 0.6994745135307312, 0.6989131569862366, 0.698267936706543, 0.6981305480003357, 0.6885251998901367, 0.6867302656173706, 0.686169445514679, 0.6835281252861023, 0.6822141408920288, 0.6769717931747437, 0.674677848815918, 0.674471914768219, 0.6740637421607971, 0.6739735007286072, 0.6738128066062927, 0.6707913875579834, 0.6658644080162048, 0.6649459004402161, 0.6643670797348022, 0.6638160943984985, 0.6617386937141418, 0.6577050685882568, 0.6576423645019531, 0.6571075916290283, 0.6559860706329346, 0.6464171409606934, 0.6419109106063843, 0.641634464263916, 0.6410003304481506, 0.6384444236755371, 0.6334505081176758, 0.630558967590332, 0.630552351474762, 0.6069296598434448, 0.5993627309799194]",1.0,0.829378315298396,15.438299999914307,0.38429999995059916,61.45339999989119
sentence-transformers/all-MiniLM-L6-v2,books about human anatomy,OL8786269W,"['OL8786269W', 'OL1562698W', 'OL7008903W']","['OL8786269W', 'OL1562698W', 'OL7008903W', 'OL13103653W', 'OL10248980W']","['OL8786269W', 'OL1562698W', 'OL7008903W', 'OL13103653W', 'OL10248980W', 'OL32906687W', 'OL10343774W', 'OL6989463W', 'OL1800125W', 'OL10248982W']","[1, 3, 4, 5, 6, 9, 10, 11, 12, 14, 15, 18, 24, 25, 29, 30, 35, 36, 37, 38, 39, 41, 43, 44, 45]","[0.8123774528503418, 0.7840256690979004, 0.7727595567703247, 0.772351861000061, 0.7720779180526733, 0.7717424035072327, 0.7681007385253906, 0.7681007385253906, 0.7668390870094299, 0.7664898633956909, 0.7623058557510376, 0.7597493529319763, 0.7551265358924866, 0.7547412514686584, 0.7543134093284607, 0.7519676685333252, 0.7506564259529114, 0.7486294507980347, 0.7463991641998291, 0.7428656220436096, 0.7397060394287109, 0.7389475107192993, 0.7374834418296814, 0.7363197207450867, 0.7357840538024902, 0.7352283596992493, 0.7346287369728088, 0.7321290373802185, 0.7290317416191101, 0.7284750938415527, 0.7199410796165466, 0.7197052240371704, 0.7171651124954224, 0.71634441614151, 0.713160514831543, 0.7103734016418457, 0.7099215984344482, 0.7095965147018433, 0.7030593156814575, 0.7003676891326904, 0.6956778764724731, 0.6764553785324097, 0.6708052158355713, 0.6689677834510803, 0.6652782559394836, 0.6523391008377075, 0.633874773979187, 0.6238789558410645, 0.5750741958618164, 0.5499911904335022]",1.0,0.8692480461868818,10.526400000117064,0.2729000000272208,39.43720000029316
sentence-transformers/all-MiniLM-L6-v2,books about astronomy,OL1470721W,"['OL1470721W', 'OL32098082W', 'OL24157415W']","['OL1470721W', 'OL32098082W', 'OL24157415W', 'OL2096070W', 'OL191644W']","['OL1470721W', 'OL32098082W', 'OL24157415W', 'OL2096070W', 'OL191644W', 'OL1826762W', 'OL1794362W', 'OL2096073W', 'OL14926389W', 'OL18710550W']","[1, 2, 3, 4, 5, 6, 7, 9, 13, 14, 15, 17, 18, 21, 24, 25, 26, 28, 31, 32, 34, 37, 38, 41, 49]","[0.7965766191482544, 0.7965766191482544, 0.756397008895874, 0.7477606534957886, 0.747557520866394, 0.7463931441307068, 0.7379370927810669, 0.737357497215271, 0.7366582155227661, 0.7278937101364136, 0.7270771265029907, 0.7202730178833008, 0.7162408828735352, 0.7135881185531616, 0.7124128937721252, 0.7100774049758911, 0.7083388566970825, 0.700654149055481, 0.6970620155334473, 0.6952630281448364, 0.6938697099685669, 0.6936963200569153, 0.6930443644523621, 0.6920777559280396, 0.689645528793335, 0.6887774467468262, 0.6841280460357666, 0.6831716299057007, 0.6781157851219177, 0.6779267191886902, 0.6756967306137085, 0.6700716018676758, 0.668997049331665, 0.6670642495155334, 0.6659209728240967, 0.6641709804534912, 0.6543045043945312, 0.652106523513794, 0.6472004652023315, 0.6458541750907898, 0.6455607414245605, 0.6430625915527344, 0.6426148414611816, 0.6426148414611816, 0.6360077261924744, 0.6360077261924744, 0.6324219703674316, 0.613186240196228, 0.6114681959152222, 0.5043562054634094]",1.0,0.9639520716789385,17.901700000038545,0.31519999993179226,51.577599999973245
sentence-transformers/all-MiniLM-L6-v2,books about economics,OL15537999W,"['OL15537999W', 'OL23792287W', 'OL5645309W']","['OL15537999W', 'OL23792287W', 'OL5645309W', 'OL1197164W', 'OL43529480W']","['OL15537999W', 'OL23792287W', 'OL5645309W', 'OL1197164W', 'OL43529480W', 'OL7442683W', 'OL38387037W', 'OL19664827W', 'OL17458179W', 'OL20850346W']","[1, 4, 6, 7, 8, 9, 10, 13, 14, 17, 20, 26, 27, 30, 31, 34, 35, 36, 38, 39, 40, 45, 46, 49, 50]","[0.7547013163566589, 0.7485828399658203, 0.7347204685211182, 0.7240860462188721, 0.7213003039360046, 0.7186758518218994, 0.7114801406860352, 0.7043426036834717, 0.7037315964698792, 0.7020679116249084, 0.6969394683837891, 0.6929095387458801, 0.687737226486206, 0.6875942945480347, 0.6835818290710449, 0.6825198531150818, 0.6823300123214722, 0.6821548938751221, 0.6804324388504028, 0.6803966760635376, 0.6770550012588501, 0.6761164665222168, 0.675749659538269, 0.6743876338005066, 0.6686112880706787, 0.6685338020324707, 0.6681137084960938, 0.6628056764602661, 0.6624544262886047, 0.6621695756912231, 0.657670259475708, 0.6574803590774536, 0.6562572121620178, 0.6521978974342346, 0.6492354869842529, 0.6394287943840027, 0.6393455266952515, 0.6342264413833618, 0.6342264413833618, 0.6342264413833618, 0.6337292194366455, 0.6329464912414551, 0.6323968172073364, 0.6300264596939087, 0.6292062997817993, 0.6241070032119751, 0.6088922023773193, 0.6001969575881958, 0.5989276170730591, 0.5933854579925537]",1.0,0.8198292763342855,14.099699999860604,0.2993999999034713,45.98619999978837
sentence-transformers/all-MiniLM-L6-v2,books about business management,OL10749873W,"['OL10749873W', 'OL15977013W', 'OL21627903W']","['OL10749873W', 'OL15977013W', 'OL21627903W', 'OL10725088W', 'OL18153275W']","['OL10749873W', 'OL15977013W', 'OL21627903W', 'OL10725088W', 'OL18153275W', 'OL17852518W', 'OL828335W', 'OL5846675W', 'OL7455311W', 'OL10724959W']","[1, 2, 3, 5, 6, 7, 8, 9, 11, 12, 13, 14, 20, 23, 25, 27, 30, 34, 38, 39, 41, 44, 45, 47, 49]","[0.8856546878814697, 0.8019877672195435, 0.7460963726043701, 0.7125189304351807, 0.699368953704834, 0.6871151924133301, 0.6649243235588074, 0.6616079211235046, 0.6588039398193359, 0.651868999004364, 0.6505022048950195, 0.64714515209198, 0.64714515209198, 0.6443859338760376, 0.6440542340278625, 0.6409479379653931, 0.6407313346862793, 0.6405045986175537, 0.6405045986175537, 0.6378459930419922, 0.6314659118652344, 0.6282579898834229, 0.6275880336761475, 0.6267334818840027, 0.619927167892456, 0.619081974029541, 0.6163144111633301, 0.6162195205688477, 0.6068788766860962, 0.6038792729377747, 0.600135087966919, 0.5956329107284546, 0.5840444564819336, 0.5785449147224426, 0.5777180194854736, 0.5728051066398621, 0.5644931793212891, 0.562604546546936, 0.5605787634849548, 0.5402994155883789, 0.5370897650718689, 0.5360358357429504, 0.5317482948303223, 0.5315645933151245, 0.5297485589981079, 0.5209507942199707, 0.5201427936553955, 0.4508524537086487, 0.4486199915409088, 0.3947225511074066]",1.0,0.9672068480996276,18.881299999975454,0.2441999999973632,85.46729999989111
sentence-transformers/all-MiniLM-L6-v2,historical fiction novels,OL19988527W,"['OL19988527W', 'OL17201625W', 'OL20292353W']","['OL19988527W', 'OL17201625W', 'OL20292353W', 'OL5847216W', 'OL4657016W']","['OL19988527W', 'OL17201625W', 'OL20292353W', 'OL5847216W', 'OL4657016W', 'OL16952319W', 'OL4985883W', 'OL4985887W', 'OL10473372W', 'OL21812584W']","[2, 3, 4, 9, 11, 12, 13, 14, 15, 16, 20, 21, 22, 26, 27, 28, 29, 30, 32, 33, 34, 40, 41, 43, 49]","[0.732150673866272, 0.7303882241249084, 0.7283527851104736, 0.7243028879165649, 0.7160474061965942, 0.7160474061965942, 0.7106783390045166, 0.7106783390045166, 0.7092170715332031, 0.7089554071426392, 0.7045351266860962, 0.6987619996070862, 0.6976837515830994, 0.6976837515830994, 0.6976837515830994, 0.6970744729042053, 0.6943089962005615, 0.6900122165679932, 0.6886965036392212, 0.6861768960952759, 0.6840658783912659, 0.6688268184661865, 0.6641745567321777, 0.6539395451545715, 0.6480194330215454, 0.6465883255004883, 0.6451627612113953, 0.642666220664978, 0.642666220664978, 0.6423105001449585, 0.6418499946594238, 0.6393253803253174, 0.6345564723014832, 0.6340969800949097, 0.6326825618743896, 0.6322910189628601, 0.6196656823158264, 0.6090837121009827, 0.594368040561676, 0.5940132141113281, 0.5914276242256165, 0.5884671211242676, 0.5831301212310791, 0.560319185256958, 0.5422308444976807, 0.5399327874183655, 0.5391349792480469, 0.5315635204315186, 0.5272114276885986, 0.37772125005722046]",0.5,0.6849551673224289,10.70720000006986,0.27520000003278255,78.64380000000892
sentence-transformers/all-MiniLM-L6-v2,books about World War II,OL7031916W,"['OL7031916W', 'OL24174565W', 'OL16978337W']","['OL7031916W', 'OL24174565W', 'OL16978337W', 'OL27475282W', 'OL28873503W']","['OL7031916W', 'OL24174565W', 'OL16978337W', 'OL27475282W', 'OL28873503W', 'OL19159203W', 'OL18253176W', 'OL21491841W', 'OL5909219W', 'OL16290781W']","[1, 2, 4, 6, 10, 11, 13, 15, 23, 24, 25, 26, 27, 28, 31, 32, 34, 37, 38, 42, 43, 45, 46, 48, 49]","[0.7936745882034302, 0.7935881614685059, 0.7902955412864685, 0.787784218788147, 0.7833174467086792, 0.7748628854751587, 0.77107834815979, 0.765859842300415, 0.7645236253738403, 0.7497857809066772, 0.7496938109397888, 0.7493607997894287, 0.7470443248748779, 0.7458377480506897, 0.7435645461082458, 0.7426235675811768, 0.7422369122505188, 0.7398338317871094, 0.7390676736831665, 0.7382408976554871, 0.737357497215271, 0.7350406050682068, 0.7282482385635376, 0.7273895740509033, 0.7220101952552795, 0.720687985420227, 0.7197166681289673, 0.718944251537323, 0.7178873419761658, 0.7151356935501099, 0.7137887477874756, 0.712702751159668, 0.7066863179206848, 0.7065491676330566, 0.7055143117904663, 0.7011802196502686, 0.7007423639297485, 0.7002978324890137, 0.7002199292182922, 0.6962025165557861, 0.6944490075111389, 0.6939487457275391, 0.6923314929008484, 0.6903570294380188, 0.6857765316963196, 0.6783036589622498, 0.676722526550293, 0.6632265448570251, 0.6562301516532898, 0.6329519748687744]",1.0,0.9344415337372992,15.626399999973728,0.31730000000607106,47.51080000005459
sentence-transformers/all-MiniLM-L6-v2,romance novels,OL20003730W,"['OL20003730W', 'OL25066185W', 'OL8643851W']","['OL20003730W', 'OL25066185W', 'OL8643851W', 'OL21235118W', 'OL1088976W']","['OL20003730W', 'OL25066185W', 'OL8643851W', 'OL21235118W', 'OL1088976W', 'OL5741176W', 'OL5497408W', 'OL21458730W', 'OL17387622W', 'OL21049055W']","[1, 2, 4, 5, 6, 8, 9, 10, 12, 13, 14, 15, 19, 21, 23, 24, 26, 27, 29, 30, 31, 33, 36, 37, 45]","[0.798099935054779, 0.7670019268989563, 0.7472827434539795, 0.74565589427948, 0.7409098148345947, 0.7362027168273926, 0.7309345006942749, 0.7179652452468872, 0.7170961499214172, 0.713983416557312, 0.7128609418869019, 0.7034075260162354, 0.7032855153083801, 0.7017999291419983, 0.7013551592826843, 0.6993184089660645, 0.697327733039856, 0.6938318610191345, 0.6917385458946228, 0.6916487216949463, 0.6868196725845337, 0.6852996349334717, 0.6795347929000854, 0.6795037984848022, 0.6783397197723389, 0.6764938235282898, 0.6723900437355042, 0.6713536977767944, 0.6673563122749329, 0.6653064489364624, 0.6640539169311523, 0.6640430092811584, 0.6636152863502502, 0.6620790362358093, 0.6599586009979248, 0.6534423828125, 0.6484012007713318, 0.6474465727806091, 0.6474465727806091, 0.6301530003547668, 0.6256102323532104, 0.616560697555542, 0.5970830917358398, 0.5109221935272217, 0.4594409465789795, 0.42224109172821045, 0.4083459675312042, 0.40140512585639954, 0.37673789262771606, 0.247158944606781]",1.0,0.8527538001301658,11.298300000134986,0.3220999999484775,52.807300000040414
sentence-transformers/all-MiniLM-L6-v2,detective mystery books,OL18338863W,"['OL18338863W', 'OL26176466W', 'OL42804357W']","['OL18338863W', 'OL26176466W', 'OL42804357W', 'OL17508685W', 'OL22134161W']","['OL18338863W', 'OL26176466W', 'OL42804357W', 'OL17508685W', 'OL22134161W', 'OL22130664W', 'OL21638819W', 'OL15240028W', 'OL22129881W', 'OL37867838W']","[1, 2, 4, 5, 6, 8, 11, 12, 19, 22, 24, 25, 28, 29, 30, 31, 34, 35, 36, 37, 39, 41, 42, 44, 46]","[0.7407979965209961, 0.7107678651809692, 0.7080163955688477, 0.7001115083694458, 0.6977008581161499, 0.6951159238815308, 0.6870017051696777, 0.6869412064552307, 0.6857739090919495, 0.6847394108772278, 0.683112621307373, 0.68011474609375, 0.6760523319244385, 0.6725597977638245, 0.6693130135536194, 0.6616195440292358, 0.6591407060623169, 0.6582314372062683, 0.6555896997451782, 0.6522414088249207, 0.648804247379303, 0.6412428617477417, 0.6388512849807739, 0.6348859667778015, 0.6333320140838623, 0.6297839879989624, 0.622314453125, 0.6220178604125977, 0.6186479330062866, 0.6110482811927795, 0.6093304753303528, 0.5985560417175293, 0.5956110954284668, 0.5889755487442017, 0.5863677859306335, 0.5791888236999512, 0.5641425848007202, 0.5641425848007202, 0.5488215088844299, 0.5439258813858032, 0.5262295603752136, 0.5072494745254517, 0.48619890213012695, 0.43704986572265625, 0.42693859338760376, 0.3809022307395935, 0.3793281316757202, 0.3431582450866699, 0.31115978956222534, 0.28922998905181885]",1.0,0.7236143390706734,10.058899999876303,0.3153999998630752,58.856499999592415
sentence-transformers/all-MiniLM-L6-v2,books about philosophy,OL13668928W,"['OL13668928W', 'OL8585408W', 'OL7330101W']","['OL13668928W', 'OL8585408W', 'OL7330101W', 'OL1669104W', 'OL20712590W']","['OL13668928W', 'OL8585408W', 'OL7330101W', 'OL1669104W', 'OL20712590W', 'OL2081415W', 'OL15170997W', 'OL17543366W', 'OL3758915W', 'OL15162067W']","[1, 2, 4, 5, 7, 10, 17, 18, 19, 20, 21, 22, 24, 28, 30, 32, 33, 36, 38, 39, 40, 44, 45, 47, 49]","[0.6483069658279419, 0.6456374526023865, 0.634921669960022, 0.6340973377227783, 0.6261736154556274, 0.6187386512756348, 0.6176102757453918, 0.6167041659355164, 0.614933967590332, 0.6127838492393494, 0.6127838492393494, 0.606013298034668, 0.6005479097366333, 0.5985854864120483, 0.5984841585159302, 0.5967557430267334, 0.5967491269111633, 0.5949122905731201, 0.5947454571723938, 0.5946652889251709, 0.5870223045349121, 0.5811451077461243, 0.5770105123519897, 0.5766662359237671, 0.57289057970047, 0.571330189704895, 0.5710033774375916, 0.5703742504119873, 0.5643579959869385, 0.5600001811981201, 0.5575172901153564, 0.5575172901153564, 0.5555845499038696, 0.5529436469078064, 0.552193284034729, 0.5484161376953125, 0.5449821949005127, 0.5446896553039551, 0.542693018913269, 0.5354693531990051, 0.5345066785812378, 0.5241590738296509, 0.5228103399276733, 0.5222121477127075, 0.5181257724761963, 0.5158607959747314, 0.5139985084533691, 0.5087939500808716, 0.49664464592933655, 0.4668605923652649]",1.0,0.9391922496069078,14.442599999938466,0.26950000005854235,51.64669999999205
sentence-transformers/all-MiniLM-L6-v2,books about programming for beginners,OL26419793W,"['OL26419793W', 'OL8273555W', 'OL14913864W']","['OL26419793W', 'OL8273555W', 'OL14913864W', 'OL20032502W', 'OL17930014W']","['OL26419793W', 'OL8273555W', 'OL14913864W', 'OL20032502W', 'OL17930014W', 'OL440794W', 'OL6090648W', 'OL5105527W', 'OL13343441W', 'OL2731384W']","[1, 2, 3, 4, 5, 6, 11, 15, 16, 17, 19, 20, 22, 25, 29, 30, 34, 35, 36, 38, 40, 42, 46, 48, 49]","[0.757349967956543, 0.7280800342559814, 0.7165865302085876, 0.7128176689147949, 0.7064282894134521, 0.7020890712738037, 0.6989314556121826, 0.6969683170318604, 0.6960605382919312, 0.6960605382919312, 0.6945724487304688, 0.690998911857605, 0.6856107115745544, 0.6828687787055969, 0.6815586090087891, 0.6716912984848022, 0.6706737279891968, 0.6676826477050781, 0.6645155549049377, 0.6611108779907227, 0.6596062183380127, 0.6570650339126587, 0.6564159393310547, 0.6534935235977173, 0.6487060785293579, 0.6445091366767883, 0.6421277523040771, 0.6411757469177246, 0.6408268213272095, 0.6379258632659912, 0.6364642977714539, 0.6358119249343872, 0.6312203407287598, 0.6302588582038879, 0.6221064329147339, 0.6217125058174133, 0.6190248131752014, 0.6179842948913574, 0.6163733005523682, 0.6145268678665161, 0.6000486612319946, 0.5976393818855286, 0.5840420722961426, 0.5691549777984619, 0.5632926225662231, 0.5417739152908325, 0.531510055065155, 0.5048177242279053, 0.48159945011138916, 0.26372453570365906]",1.0,0.9619923815914428,11.18569999994179,0.2729000000272208,93.58930000007604
sentence-transformers/all-MiniLM-L6-v2,books about neural networks,OL4733182W,"['OL4733182W', 'OL1916634W', 'OL4466205W']","['OL4733182W', 'OL1916634W', 'OL4466205W', 'OL19596270W', 'OL21538069W']","['OL4733182W', 'OL1916634W', 'OL4466205W', 'OL19596270W', 'OL21538069W', 'OL2658411W', 'OL1732971W', 'OL16995194W', 'OL19387767W', 'OL21079259W']","[1, 2, 3, 4, 7, 9, 10, 12, 15, 19, 20, 24, 25, 29, 31, 32, 34, 35, 37, 40, 41, 43, 44, 47, 48]","[0.7338711619377136, 0.7334784269332886, 0.7243720889091492, 0.7235836982727051, 0.7135785222053528, 0.7127801179885864, 0.7119910717010498, 0.7108057141304016, 0.7103064060211182, 0.6953173279762268, 0.6948132514953613, 0.6947172284126282, 0.6913570165634155, 0.6724581718444824, 0.6691672801971436, 0.6679713726043701, 0.6651525497436523, 0.663957953453064, 0.6620474457740784, 0.6609629392623901, 0.6586729288101196, 0.6585125923156738, 0.6577714085578918, 0.6576786637306213, 0.6576786637306213, 0.6540716886520386, 0.6534063816070557, 0.6507282257080078, 0.6478539705276489, 0.647742748260498, 0.6445255279541016, 0.6391113996505737, 0.6368646025657654, 0.6368067860603333, 0.6294224262237549, 0.6282064318656921, 0.6263623833656311, 0.62369704246521, 0.6223559379577637, 0.6219260692596436, 0.6174966096878052, 0.6067485809326172, 0.6060245037078857, 0.5960248708724976, 0.5796313881874084, 0.5727105140686035, 0.5660147666931152, 0.5643287301063538, 0.40984639525413513, 0.39317041635513306]",1.0,0.8419464841744583,10.715599999912229,0.3372999999555759,68.23119999990013
sentence-transformers/all-MiniLM-L6-v2,books about natural language processing,OL19210539W,"['OL19210539W', 'OL18333909W', 'OL16641092W']","['OL19210539W', 'OL18333909W', 'OL16641092W', 'OL5273035W', 'OL5366066W']","['OL19210539W', 'OL18333909W', 'OL16641092W', 'OL5273035W', 'OL5366066W', 'OL4444039W', 'OL19437278W', 'OL20732916W', 'OL27686793W', 'OL4702512W']","[1, 2, 3, 5, 7, 8, 9, 10, 11, 12, 13, 14, 15, 16, 17, 19, 20, 22, 26, 28, 30, 36, 38, 40, 43]","[0.7020756602287292, 0.7018454074859619, 0.7015243768692017, 0.6710115671157837, 0.6658368110656738, 0.6647166013717651, 0.6585348844528198, 0.650068998336792, 0.6496703624725342, 0.648557722568512, 0.6443755626678467, 0.6408870220184326, 0.6389033794403076, 0.6350489854812622, 0.6334369778633118, 0.6325761079788208, 0.6319860816001892, 0.6311792135238647, 0.6311721205711365, 0.6302497386932373, 0.6246966123580933, 0.6235325932502747, 0.6113547682762146, 0.6077821254730225, 0.6044865846633911, 0.6034611463546753, 0.600746750831604, 0.5985090136528015, 0.5958657264709473, 0.5951651334762573, 0.5937595367431641, 0.5917688012123108, 0.5891217589378357, 0.5877324342727661, 0.5872088670730591, 0.5818352699279785, 0.5767624974250793, 0.5753580331802368, 0.5723862051963806, 0.5699552297592163, 0.569878101348877, 0.5695532560348511, 0.5614463090896606, 0.5590397119522095, 0.558840274810791, 0.5567625164985657, 0.5501691102981567, 0.5323194265365601, 0.5009922981262207, 0.2669368386268616]",1.0,0.8815419772374614,11.413899999979549,0.33910000001924345,46.55070000012529
sentence-transformers/all-MiniLM-L6-v2,books about computer vision,OL3264189W,"['OL3264189W', 'OL16938256W', 'OL20832786W']","['OL3264189W', 'OL16938256W', 'OL20832786W', 'OL19051956W', 'OL17991001W']","['OL3264189W', 'OL16938256W', 'OL20832786W', 'OL19051956W', 'OL17991001W', 'OL4283537W', 'OL20711370W', 'OL20832201W', 'OL21156280W', 'OL5353332W']","[1, 3, 4, 7, 8, 9, 11, 12, 15, 17, 19, 20, 23, 28, 30, 32, 34, 35, 37, 38, 40, 43, 45, 47, 48]","[0.7131027579307556, 0.7098489999771118, 0.694306492805481, 0.6906757354736328, 0.6874766945838928, 0.6799850463867188, 0.6779714822769165, 0.6731183528900146, 0.6730553507804871, 0.6730539798736572, 0.6727499961853027, 0.6713516116142273, 0.6708031892776489, 0.6681432723999023, 0.665728747844696, 0.6651718020439148, 0.6614634394645691, 0.6602090001106262, 0.6601915955543518, 0.6592164039611816, 0.6538352966308594, 0.6516204476356506, 0.649366021156311, 0.6484529972076416, 0.6466379165649414, 0.642829179763794, 0.6426895260810852, 0.6406947374343872, 0.6405221223831177, 0.6399356126785278, 0.6363992691040039, 0.6322230100631714, 0.6312637329101562, 0.630441427230835, 0.628102719783783, 0.6246564388275146, 0.616325855255127, 0.6144065856933594, 0.6024447679519653, 0.5986783504486084, 0.598418116569519, 0.5971040725708008, 0.5937181711196899, 0.5853042602539062, 0.5748801827430725, 0.5409305095672607, 0.539016604423523, 0.5158334970474243, 0.47399964928627014, 0.3539917469024658]",1.0,0.6619520088312648,12.5138999999308,0.3590999999687483,90.11939999982133
sentence-transformers/all-MiniLM-L6-v2,books about entrepreneurship,OL38227417W,"['OL38227417W', 'OL17094898W', 'OL25187283W']","['OL38227417W', 'OL17094898W', 'OL25187283W', 'OL18433160W', 'OL34416723W']","['OL38227417W', 'OL17094898W', 'OL25187283W', 'OL18433160W', 'OL34416723W', 'OL22311587W', 'OL22921635W', 'OL8227696W', 'OL21010970W', 'OL15894733W']","[1, 2, 3, 4, 5, 6, 9, 10, 12, 16, 17, 19, 21, 22, 23, 26, 30, 33, 34, 36, 37, 40, 41, 42, 45]","[0.7534751892089844, 0.7389042973518372, 0.730277955532074, 0.7276721000671387, 0.7228003740310669, 0.7223913073539734, 0.7205270528793335, 0.7152711749076843, 0.7143123149871826, 0.7135773301124573, 0.7127062082290649, 0.7123311758041382, 0.7102870941162109, 0.7094036340713501, 0.7072139978408813, 0.7005268335342407, 0.6970580220222473, 0.6939709186553955, 0.6926504373550415, 0.6924983263015747, 0.6910706758499146, 0.688856840133667, 0.6823719143867493, 0.6820403337478638, 0.6819750070571899, 0.674290120601654, 0.6721735596656799, 0.6690879464149475, 0.6688610315322876, 0.6652384996414185, 0.6628879308700562, 0.6565026044845581, 0.6564890742301941, 0.6557762622833252, 0.6546097993850708, 0.649061918258667, 0.6409929990768433, 0.639741063117981, 0.6396749019622803, 0.6368102431297302, 0.6337223649024963, 0.6336655616760254, 0.6320820450782776, 0.6141378879547119, 0.6060358285903931, 0.5592925548553467, 0.38471490144729614, 0.3786280155181885, 0.3609393835067749, 0.35519134998321533]",1.0,0.8395179894097087,10.369500000024345,0.2829999998539279,37.64609999984714
BAAI/bge-small-en-v1.5,books for learning deep learning and neural networks,OL25221628W,"['OL25221628W', 'OL20524353W', 'OL21143388W']","['OL25221628W', 'OL20524353W', 'OL21143388W', 'OL19542242W', 'OL19545695W']","['OL25221628W', 'OL20524353W', 'OL21143388W', 'OL19542242W', 'OL19545695W', 'OL28008472W', 'OL21191736W', 'OL20670328W', 'OL20850543W', 'OL25327390W']","[1, 2, 3, 4, 5, 7, 9, 10, 11, 12, 13, 17, 19, 25, 27, 29, 33, 34, 38, 39, 40, 41, 42, 43, 49]","[0.8581597805023193, 0.8555190563201904, 0.8512042760848999, 0.8384345173835754, 0.8359991908073425, 0.8347007036209106, 0.8344733119010925, 0.8338873386383057, 0.8319190740585327, 0.8298786878585815, 0.8265180587768555, 0.8233001232147217, 0.8168143033981323, 0.8167989253997803, 0.8152331113815308, 0.8116286396980286, 0.8103184700012207, 0.8100119829177856, 0.8089737892150879, 0.807479202747345, 0.8071146011352539, 0.8060430884361267, 0.8050985336303711, 0.8044333457946777, 0.8022457361221313, 0.8002949953079224, 0.7993838787078857, 0.7965719699859619, 0.7949732542037964, 0.7946500182151794, 0.7922893762588501, 0.7922790050506592, 0.7881885766983032, 0.7880444526672363, 0.7880432605743408, 0.7875292301177979, 0.786989152431488, 0.7844259738922119, 0.7826790809631348, 0.7819414138793945, 0.7761656641960144, 0.7752858996391296, 0.7735137939453125, 0.7696959972381592, 0.7694113254547119, 0.7661702036857605, 0.7642240524291992, 0.7585914134979248, 0.7400927543640137, 0.7394029498100281]",1.0,0.8473716578489136,17.976999999973486,0.3753000000870088,95.32089999993332
BAAI/bge-small-en-v1.5,a book about good habits,OL2025347W,"['OL2025347W', 'OL2671725W', 'OL20330730W']","['OL2025347W', 'OL2671725W', 'OL20330730W', 'OL8836702W', 'OL2003891W']","['OL2025347W', 'OL2671725W', 'OL20330730W', 'OL8836702W', 'OL2003891W', 'OL16153498W', 'OL20022599W', 'OL45626302W', 'OL42821322W', 'OL26353240W']","[1, 2, 3, 4, 5, 6, 7, 9, 10, 12, 14, 15, 16, 17, 19, 26, 29, 33, 35, 39, 40, 43, 46, 48, 50]","[0.8591593503952026, 0.8342949151992798, 0.8315010070800781, 0.8311910629272461, 0.821971595287323, 0.8216561675071716, 0.8198723793029785, 0.8121182322502136, 0.81175696849823, 0.8066620826721191, 0.8051080703735352, 0.8029449582099915, 0.8027772903442383, 0.8007357716560364, 0.7983470559120178, 0.7963956594467163, 0.7960188388824463, 0.7928158044815063, 0.7921569347381592, 0.7910518646240234, 0.789432168006897, 0.785480260848999, 0.7852274179458618, 0.7849961519241333, 0.7817157506942749, 0.7800287008285522, 0.7764182686805725, 0.7742230892181396, 0.766369104385376, 0.7659451961517334, 0.7634466886520386, 0.7629238963127136, 0.7627679109573364, 0.75856614112854, 0.75856614112854, 0.7571322917938232, 0.7561089396476746, 0.7533767223358154, 0.751484751701355, 0.75115966796875, 0.751133382320404, 0.7491554021835327, 0.7361277937889099, 0.7315657138824463, 0.7309884428977966, 0.7293083667755127, 0.7286453247070312, 0.7266716957092285, 0.7236100435256958, 0.6815230250358582]",1.0,0.9796492987756839,22.935199999892575,0.4656999999497202,67.84339999990152
BAAI/bge-small-en-v1.5,magic and wizards,OL20534174W,"['OL20534174W', 'OL16688362W', 'OL15944414W']","['OL20534174W', 'OL16688362W', 'OL15944414W', 'OL20293280W', 'OL2761798W']","['OL20534174W', 'OL16688362W', 'OL15944414W', 'OL20293280W', 'OL2761798W', 'OL1848193W', 'OL13615506W', 'OL20507634W', 'OL16476441W', 'OL22094743W']","[1, 2, 3, 4, 5, 6, 7, 8, 10, 12, 14, 15, 16, 18, 23, 25, 28, 31, 35, 37, 38, 39, 43, 48, 49]","[0.7852455377578735, 0.7799219489097595, 0.7757195234298706, 0.7542152404785156, 0.7422239780426025, 0.7404555678367615, 0.7330203056335449, 0.7294447422027588, 0.7271410226821899, 0.7237390875816345, 0.7229225635528564, 0.7225810289382935, 0.7211390733718872, 0.7198733687400818, 0.7147233486175537, 0.7145369052886963, 0.711044430732727, 0.710925817489624, 0.7063075304031372, 0.7055433988571167, 0.7028243541717529, 0.6995018720626831, 0.6988455653190613, 0.6971607208251953, 0.6935077905654907, 0.6859649419784546, 0.6826659440994263, 0.6823849678039551, 0.6822719573974609, 0.6799564361572266, 0.6776216626167297, 0.6719564199447632, 0.6684914827346802, 0.6675353050231934, 0.6671033501625061, 0.6663378477096558, 0.6659789681434631, 0.664652407169342, 0.6641604900360107, 0.6621739268302917, 0.6620017290115356, 0.6618256568908691, 0.6617727279663086, 0.6581544876098633, 0.6566792130470276, 0.6543318033218384, 0.6515797972679138, 0.6496809124946594, 0.6496054530143738, 0.6226586103439331]",1.0,0.8263411361928832,24.45439999996779,0.2566999999089603,130.9360000000197
BAAI/bge-small-en-v1.5,science fiction books about space exploration,OL28676213W,"['OL28676213W', 'OL8116518W', 'OL5747384W']","['OL28676213W', 'OL8116518W', 'OL5747384W', 'OL1923480W', 'OL14807W']","['OL28676213W', 'OL8116518W', 'OL5747384W', 'OL1923480W', 'OL14807W', 'OL16414382W', 'OL15828293W', 'OL15840015W', 'OL1951825W', 'OL22341652W']","[1, 2, 4, 6, 9, 10, 12, 13, 15, 16, 17, 19, 20, 21, 24, 25, 29, 36, 37, 39, 41, 43, 46, 47, 50]","[0.7962974905967712, 0.792946457862854, 0.7914686799049377, 0.790687084197998, 0.7853923439979553, 0.7785241007804871, 0.7758775949478149, 0.7743644714355469, 0.7742185592651367, 0.7734464406967163, 0.7712109684944153, 0.7698780298233032, 0.7694554328918457, 0.7684893608093262, 0.7663288116455078, 0.7636483311653137, 0.7587368488311768, 0.7549315094947815, 0.7542393207550049, 0.7534043788909912, 0.7533350586891174, 0.7525614500045776, 0.7522025108337402, 0.7493425011634827, 0.7490419149398804, 0.7460172772407532, 0.7456653118133545, 0.7433720827102661, 0.7384602427482605, 0.7366716861724854, 0.7359972596168518, 0.7341699004173279, 0.7327643036842346, 0.731913685798645, 0.7258602380752563, 0.7256629467010498, 0.7254127264022827, 0.7229480147361755, 0.7200310230255127, 0.7182817459106445, 0.7168487310409546, 0.7068614363670349, 0.7061916589736938, 0.7049034237861633, 0.7029795050621033, 0.7025319337844849, 0.699221670627594, 0.6945927143096924, 0.6812080144882202, 0.6524744033813477]",1.0,0.7545405563479151,19.42220000000816,0.28179999981148285,61.9035999998232
BAAI/bge-small-en-v1.5,books for learning Python,OL20924096W,"['OL20924096W', 'OL32476342W', 'OL20895392W']","['OL20924096W', 'OL32476342W', 'OL20895392W', 'OL17928594W', 'OL22291567W']","['OL20924096W', 'OL32476342W', 'OL20895392W', 'OL17928594W', 'OL22291567W', 'OL2201833W', 'OL17191899W', 'OL21616091W', 'OL17383635W', 'OL19543224W']","[1, 2, 3, 4, 5, 7, 12, 14, 15, 16, 18, 19, 20, 23, 26, 27, 30, 32, 33, 34, 36, 38, 39, 45, 46]","[0.8238580226898193, 0.8217118978500366, 0.8177549839019775, 0.8121072053909302, 0.8043152689933777, 0.8036280870437622, 0.8007943630218506, 0.7987500429153442, 0.7987500429153442, 0.7987499237060547, 0.7949612140655518, 0.794431209564209, 0.7934350967407227, 0.7931535243988037, 0.7921500205993652, 0.7902122139930725, 0.7877559065818787, 0.7874675989151001, 0.7854169011116028, 0.785219132900238, 0.7846556305885315, 0.7840696573257446, 0.7815327644348145, 0.7809491157531738, 0.7808114886283875, 0.7807196974754333, 0.7803614139556885, 0.7791659832000732, 0.7785725593566895, 0.7763766050338745, 0.7728657126426697, 0.7725343704223633, 0.7704624533653259, 0.7692400217056274, 0.7667014002799988, 0.7653314471244812, 0.7607824206352234, 0.7588874697685242, 0.7579768896102905, 0.7552711963653564, 0.7551604509353638, 0.7548521757125854, 0.7546700239181519, 0.7534244060516357, 0.7513120174407959, 0.7459086179733276, 0.7458972930908203, 0.743743360042572, 0.7377240657806396, 0.7168186902999878]",1.0,0.7678308881130501,19.150900000113324,0.33550000011928205,129.94220000018686
BAAI/bge-small-en-v1.5,machine learning for beginners,OL19542893W,"['OL19542893W', 'OL12338509W', 'OL19542736W']","['OL19542893W', 'OL12338509W', 'OL19542736W', 'OL19546744W', 'OL19543707W']","['OL19542893W', 'OL12338509W', 'OL19542736W', 'OL19546744W', 'OL19543707W', 'OL19542841W', 'OL21360139W', 'OL9767368W', 'OL19543610W', 'OL19543070W']","[1, 6, 7, 9, 10, 12, 13, 14, 17, 18, 19, 21, 23, 27, 28, 29, 32, 33, 34, 37, 38, 41, 45, 47, 49]","[0.8393718004226685, 0.8324103355407715, 0.8300753831863403, 0.8291673064231873, 0.8285225033760071, 0.8256606459617615, 0.8229109644889832, 0.8209635615348816, 0.8195825815200806, 0.8144474029541016, 0.8142297267913818, 0.8132258057594299, 0.8121622800827026, 0.808930516242981, 0.8070845603942871, 0.8061091303825378, 0.8055211901664734, 0.802064836025238, 0.8016805052757263, 0.7979928255081177, 0.7969391942024231, 0.7950844168663025, 0.795011579990387, 0.79344242811203, 0.7909592390060425, 0.7881432771682739, 0.7880809903144836, 0.7866369485855103, 0.7863777875900269, 0.7853498458862305, 0.7847476601600647, 0.7845157980918884, 0.7826268672943115, 0.7767231464385986, 0.7755476236343384, 0.7742854356765747, 0.7742048501968384, 0.7722486257553101, 0.771811306476593, 0.7637916207313538, 0.7617732882499695, 0.7613896131515503, 0.7606141567230225, 0.7606046199798584, 0.7564075589179993, 0.7560380101203918, 0.7477879524230957, 0.7385282516479492, 0.7234660387039185, 0.7220304608345032]",1.0,0.7661841242060773,18.185099999982413,0.36920000002282904,64.10570000002735
BAAI/bge-small-en-v1.5,books about psychology and human behavior,OL5363856W,"['OL5363856W', 'OL5363855W', 'OL13655545W']","['OL5363856W', 'OL5363855W', 'OL13655545W', 'OL7578440W', 'OL19138961W']","['OL5363856W', 'OL5363855W', 'OL13655545W', 'OL7578440W', 'OL19138961W', 'OL15534W', 'OL36566191W', 'OL7373399W', 'OL6612448W', 'OL2661648W']","[1, 2, 3, 4, 5, 6, 7, 8, 9, 10, 11, 12, 13, 18, 19, 20, 21, 22, 28, 31, 32, 33, 35, 37, 38]","[0.8495992422103882, 0.8466341495513916, 0.845814049243927, 0.845814049243927, 0.8255574703216553, 0.8151824474334717, 0.8058915138244629, 0.8043607473373413, 0.8021036386489868, 0.7995764017105103, 0.7990456223487854, 0.7957703471183777, 0.7928783893585205, 0.7906596064567566, 0.7885838747024536, 0.7760968208312988, 0.773905873298645, 0.7686426043510437, 0.7679166197776794, 0.7663760781288147, 0.7643077373504639, 0.7634318470954895, 0.76337730884552, 0.7620080709457397, 0.7600165009498596, 0.7581863403320312, 0.7581711411476135, 0.7563104033470154, 0.7511866688728333, 0.7508907318115234, 0.7507981657981873, 0.7507482171058655, 0.7507482171058655, 0.7487267255783081, 0.7486374378204346, 0.7481613755226135, 0.7480148077011108, 0.7479115724563599, 0.7467288970947266, 0.7456837892532349, 0.7453785538673401, 0.7453784346580505, 0.7450739145278931, 0.7415182590484619, 0.7361304759979248, 0.7287300825119019, 0.7276137471199036, 0.7259377241134644, 0.7179917097091675, 0.7068891525268555]",1.0,0.9773036226909494,19.1229999998086,0.2598999999463558,66.9834999998784
BAAI/bge-small-en-v1.5,Victorian mystery novels,OL24844691W,"['OL24844691W', 'OL191051W', 'OL16574881W']","['OL24844691W', 'OL191051W', 'OL16574881W', 'OL4495329W', 'OL15240028W']","['OL24844691W', 'OL191051W', 'OL16574881W', 'OL4495329W', 'OL15240028W', 'OL28791775W', 'OL16697744W', 'OL21637379W', 'OL14960203W', 'OL446516W']","[1, 2, 3, 4, 5, 6, 7, 8, 9, 10, 11, 12, 13, 14, 17, 18, 19, 21, 24, 25, 26, 27, 29, 30, 33]","[0.8694785833358765, 0.8057153224945068, 0.7975915670394897, 0.7958812713623047, 0.7917232513427734, 0.7898939847946167, 0.7786824703216553, 0.7593735456466675, 0.7547023892402649, 0.7512099146842957, 0.7433282136917114, 0.7405030727386475, 0.7362895011901855, 0.7353042364120483, 0.7293174266815186, 0.728148341178894, 0.7255457043647766, 0.723848283290863, 0.723848283290863, 0.7226508855819702, 0.7224997282028198, 0.7205299735069275, 0.7067210674285889, 0.7056944370269775, 0.7051528096199036, 0.7008984088897705, 0.6963059306144714, 0.6894425749778748, 0.6890508532524109, 0.6876075863838196, 0.6868189573287964, 0.6835465431213379, 0.6767596006393433, 0.6732111573219299, 0.6709252595901489, 0.6626743674278259, 0.6626743674278259, 0.6516733765602112, 0.6413575410842896, 0.6389245986938477, 0.6316227912902832, 0.6299078464508057, 0.6253071427345276, 0.6250559091567993, 0.6190143823623657, 0.6102011799812317, 0.6066293716430664, 0.5845885872840881, 0.5754489898681641, 0.5571662783622742]",1.0,1.0,19.58779999995386,0.3062000000682019,66.07340000005024
BAAI/bge-small-en-v1.5,books about artificial intelligence,OL16042574W,"['OL16042574W', 'OL20516226W', 'OL10493111W']","['OL16042574W', 'OL20516226W', 'OL10493111W', 'OL9340041W', 'OL30383299W']","['OL16042574W', 'OL20516226W', 'OL10493111W', 'OL9340041W', 'OL30383299W', 'OL8324381W', 'OL21153829W', 'OL28351500W', 'OL4123465W', 'OL3505157W']","[1, 2, 4, 5, 6, 7, 10, 12, 14, 15, 19, 20, 21, 22, 23, 26, 27, 32, 33, 34, 35, 36, 37, 43, 44]","[0.8585624694824219, 0.8281408548355103, 0.8201233744621277, 0.8200080990791321, 0.8169341087341309, 0.8146954774856567, 0.8130390644073486, 0.8105758428573608, 0.8097031116485596, 0.8087760210037231, 0.805190920829773, 0.802863597869873, 0.8025217056274414, 0.7975726127624512, 0.7966065406799316, 0.7959260940551758, 0.7940529584884644, 0.7938293218612671, 0.7931811213493347, 0.7929065823554993, 0.7923862934112549, 0.7903788089752197, 0.7900339365005493, 0.7874460220336914, 0.787274181842804, 0.7865020036697388, 0.7858384251594543, 0.7847424745559692, 0.7847424745559692, 0.7838528156280518, 0.7798264026641846, 0.7794969081878662, 0.7786943912506104, 0.7783499956130981, 0.7781765460968018, 0.7762739658355713, 0.7746325731277466, 0.7746273875236511, 0.7716309428215027, 0.7714571356773376, 0.7694193720817566, 0.7694193720817566, 0.7678638696670532, 0.7642698287963867, 0.7620083093643188, 0.7601214647293091, 0.7488256692886353, 0.7456543445587158, 0.7387858629226685, 0.5905907154083252]",1.0,0.8831674680530951,20.467600000074526,0.33090000010815857,87.46170000017628
BAAI/bge-small-en-v1.5,database management books,OL16924669W,"['OL16924669W', 'OL21422159W', 'OL8941730W']","['OL16924669W', 'OL21422159W', 'OL8941730W', 'OL21114729W', 'OL26295383W']","['OL16924669W', 'OL21422159W', 'OL8941730W', 'OL21114729W', 'OL26295383W', 'OL9231709W', 'OL32242182W', 'OL3924508W', 'OL4909504W', 'OL19351719W']","[2, 3, 4, 5, 6, 7, 8, 11, 12, 13, 14, 15, 16, 18, 21, 22, 23, 30, 31, 39, 40, 47, 48, 49, 50]","[0.8467655181884766, 0.8399680256843567, 0.8376871347427368, 0.8369243741035461, 0.8348324298858643, 0.8345006704330444, 0.8342545628547668, 0.8335921168327332, 0.8298919200897217, 0.8224873542785645, 0.8217122554779053, 0.8217122554779053, 0.8211865425109863, 0.8208788633346558, 0.8200448155403137, 0.819391131401062, 0.819391131401062, 0.8192386627197266, 0.8178098201751709, 0.8156036138534546, 0.8132425546646118, 0.8112392425537109, 0.8107843995094299, 0.8093565106391907, 0.8067160248756409, 0.8047044277191162, 0.804383397102356, 0.8043098449707031, 0.7970304489135742, 0.796450674533844, 0.7938734292984009, 0.7935222387313843, 0.7917689085006714, 0.7886660099029541, 0.7886128425598145, 0.7863839268684387, 0.7851020693778992, 0.784502387046814, 0.7842580080032349, 0.7836712598800659, 0.7806243896484375, 0.7806243896484375, 0.7806243896484375, 0.7806243896484375, 0.7790771722793579, 0.7711564302444458, 0.7700472474098206, 0.7668137550354004, 0.7037140130996704, 0.6835101842880249]",0.5,0.7558594911205347,19.578199999841672,0.31669999998484855,63.879999999699066
BAAI/bge-small-en-v1.5,books about computer networks,OL16952919W,"['OL16952919W', 'OL16458716W', 'OL19836629W']","['OL16952919W', 'OL16458716W', 'OL19836629W', 'OL3258748W', 'OL16944382W']","['OL16952919W', 'OL16458716W', 'OL19836629W', 'OL3258748W', 'OL16944382W', 'OL17976140W', 'OL14995888W', 'OL21815406W', 'OL19182459W', 'OL2645710W']","[3, 6, 8, 10, 11, 12, 13, 14, 15, 16, 19, 21, 24, 27, 28, 29, 30, 32, 34, 36, 42, 43, 44, 45, 49]","[0.8826495409011841, 0.8559443950653076, 0.8465747237205505, 0.8315474987030029, 0.8261771202087402, 0.8257068395614624, 0.8235517740249634, 0.8222663998603821, 0.8209025859832764, 0.8203508853912354, 0.8198018074035645, 0.8153835535049438, 0.8085978031158447, 0.8046849966049194, 0.8012263774871826, 0.8005719780921936, 0.7885587215423584, 0.7822188138961792, 0.7820509672164917, 0.7790000438690186, 0.7783381938934326, 0.7721941471099854, 0.7721807956695557, 0.7680900692939758, 0.7676268219947815, 0.7676268219947815, 0.7663896083831787, 0.7635723352432251, 0.760452151298523, 0.7590832114219666, 0.7575786113739014, 0.7563099265098572, 0.7553380727767944, 0.7529647350311279, 0.749993085861206, 0.7485131025314331, 0.7472759485244751, 0.7460903525352478, 0.742365300655365, 0.7408503293991089, 0.7364284992218018, 0.7330598831176758, 0.7079532146453857, 0.7044543623924255, 0.7010573744773865, 0.6882756352424622, 0.6847266554832458, 0.6826097369194031, 0.6699355244636536, 0.6089420318603516]",0.3333333333333333,0.5702425402261266,17.272399999910704,0.3067000000100961,44.39309999997931
BAAI/bge-small-en-v1.5,operating systems textbooks,OL8584984W,"['OL8584984W', 'OL4331179W', 'OL7524040W']","['OL8584984W', 'OL4331179W', 'OL7524040W', 'OL5440161W', 'OL17979286W']","['OL8584984W', 'OL4331179W', 'OL7524040W', 'OL5440161W', 'OL17979286W', 'OL5090784W', 'OL21034757W', 'OL5275261W', 'OL21092275W', 'OL4300014W']","[1, 2, 3, 5, 6, 7, 8, 10, 12, 14, 15, 16, 17, 22, 23, 24, 25, 26, 28, 29, 32, 34, 35, 42, 48]","[0.9129465818405151, 0.8378181457519531, 0.8320879936218262, 0.8313943147659302, 0.8239303827285767, 0.8235984444618225, 0.8223466873168945, 0.820800244808197, 0.8199476003646851, 0.8198474049568176, 0.8193925619125366, 0.8191106915473938, 0.8185862302780151, 0.8149844408035278, 0.8146648406982422, 0.8129656314849854, 0.8128765225410461, 0.8121162056922913, 0.8109609484672546, 0.8105205297470093, 0.8105205297470093, 0.8082427978515625, 0.8070303201675415, 0.8045608997344971, 0.8041316270828247, 0.8032281398773193, 0.8015145063400269, 0.8014415502548218, 0.7999117970466614, 0.797080397605896, 0.7950969338417053, 0.79433673620224, 0.792656421661377, 0.7909517288208008, 0.7909517288208008, 0.7905689477920532, 0.7904428243637085, 0.7899947166442871, 0.7893130779266357, 0.7877273559570312, 0.78725266456604, 0.779208779335022, 0.7777533531188965, 0.7777533531188965, 0.7704479694366455, 0.7631165981292725, 0.7604255676269531, 0.7448475956916809, 0.7433599233627319, 0.7186688184738159]",1.0,0.9803734757719542,18.844300000182557,0.2879000001030363,70.21010000039496
BAAI/bge-small-en-v1.5,books about data structures and algorithms,OL1735558W,"['OL1735558W', 'OL20844949W', 'OL27385782W']","['OL1735558W', 'OL20844949W', 'OL27385782W', 'OL3509435W', 'OL21177420W']","['OL1735558W', 'OL20844949W', 'OL27385782W', 'OL3509435W', 'OL21177420W', 'OL2718655W', 'OL19543579W', 'OL19840143W', 'OL18919110W', 'OL33357715W']","[1, 2, 4, 5, 6, 7, 8, 10, 12, 13, 15, 16, 19, 20, 21, 23, 25, 28, 36, 37, 46, 47, 48, 49, 50]","[0.8755586743354797, 0.8734402656555176, 0.8664741516113281, 0.8620195984840393, 0.8609271049499512, 0.8596698045730591, 0.8585026860237122, 0.8584893941879272, 0.8568088412284851, 0.8544267416000366, 0.8535318374633789, 0.8533354997634888, 0.8521257042884827, 0.8512549996376038, 0.8511691689491272, 0.8497376441955566, 0.8471589684486389, 0.8429948091506958, 0.8429328799247742, 0.8424506187438965, 0.8418817520141602, 0.8397171497344971, 0.839012861251831, 0.837384045124054, 0.8371635675430298, 0.8369642496109009, 0.8361635804176331, 0.8356337547302246, 0.8352588415145874, 0.833783745765686, 0.8315531611442566, 0.8308786153793335, 0.8300689458847046, 0.8297126293182373, 0.8294665217399597, 0.8260103464126587, 0.8259846568107605, 0.8215193152427673, 0.82096266746521, 0.8150709867477417, 0.8124489188194275, 0.8085195422172546, 0.8074865341186523, 0.802840530872345, 0.7995460629463196, 0.784042239189148, 0.7838833332061768, 0.7816839814186096, 0.773686408996582, 0.7529289722442627]",1.0,0.880648431110942,30.30300000000352,0.29810000000907166,83.79960000002029
BAAI/bge-small-en-v1.5,books for learning Java,OL720123W,"['OL720123W', 'OL19542979W', 'OL17188458W']","['OL720123W', 'OL19542979W', 'OL17188458W', 'OL19543214W', 'OL17099713W']","['OL720123W', 'OL19542979W', 'OL17188458W', 'OL19543214W', 'OL17099713W', 'OL17099842W', 'OL19542167W', 'OL19547669W', 'OL17100011W', 'OL17190335W']","[1, 2, 3, 4, 5, 6, 7, 9, 10, 11, 12, 13, 14, 15, 16, 18, 19, 20, 23, 27, 29, 34, 38, 47, 50]","[0.8575970530509949, 0.8045000433921814, 0.8019791841506958, 0.8010748624801636, 0.7988296747207642, 0.7988296747207642, 0.7960455417633057, 0.7957323789596558, 0.7955731749534607, 0.7871922850608826, 0.7871922850608826, 0.7871922850608826, 0.7871922850608826, 0.7871922850608826, 0.7871922850608826, 0.7871922850608826, 0.7831380367279053, 0.7804207801818848, 0.7798988819122314, 0.7774131298065186, 0.7768876552581787, 0.7768592834472656, 0.7759195566177368, 0.7750765681266785, 0.7739027738571167, 0.7719289064407349, 0.7678336501121521, 0.7675405144691467, 0.7675364017486572, 0.7675186395645142, 0.766464352607727, 0.7651312351226807, 0.7620511054992676, 0.7593868970870972, 0.7586555480957031, 0.7583789825439453, 0.7571796178817749, 0.7519232034683228, 0.7515546083450317, 0.7512514591217041, 0.7500645518302917, 0.7499419450759888, 0.7483817934989929, 0.7450733780860901, 0.7395766973495483, 0.7370387315750122, 0.7351924180984497, 0.7343985438346863, 0.717247486114502, 0.6871737241744995]",1.0,0.916615736804987,16.221299999870098,0.24140000004990725,68.25980000007803
BAAI/bge-small-en-v1.5,books about web development,OL36498282W,"['OL36498282W', 'OL19543634W', 'OL18578106W']","['OL36498282W', 'OL19543634W', 'OL18578106W', 'OL20732060W', 'OL20996141W']","['OL36498282W', 'OL19543634W', 'OL18578106W', 'OL20732060W', 'OL20996141W', 'OL19547790W', 'OL2172108W', 'OL15343235W', 'OL5826938W', 'OL8925573W']","[1, 2, 4, 7, 9, 10, 11, 12, 14, 16, 17, 18, 19, 26, 28, 29, 30, 31, 33, 34, 41, 42, 44, 45, 46]","[0.8303231000900269, 0.800007700920105, 0.798539400100708, 0.7973058223724365, 0.795096755027771, 0.7911894917488098, 0.7900619506835938, 0.7895252704620361, 0.788932204246521, 0.7888380289077759, 0.7885314226150513, 0.7869505882263184, 0.7868819236755371, 0.7832504510879517, 0.7825947999954224, 0.7797964811325073, 0.7776917219161987, 0.7754676342010498, 0.7742061614990234, 0.7731441259384155, 0.7729350328445435, 0.7725239396095276, 0.772179126739502, 0.7666471004486084, 0.7662167549133301, 0.7623782157897949, 0.7618592977523804, 0.7614173889160156, 0.7604735493659973, 0.7600635290145874, 0.7593100666999817, 0.7581126689910889, 0.756689190864563, 0.7559241056442261, 0.7537885308265686, 0.7526101469993591, 0.7526101469993591, 0.7516512274742126, 0.7493072748184204, 0.7367018461227417, 0.7365471124649048, 0.7339528203010559, 0.726550817489624, 0.7264074087142944, 0.7212377190589905, 0.7192620038986206, 0.7169493436813354, 0.7137751579284668, 0.6984535455703735, 0.6763983964920044]",1.0,0.939433402568281,17.190300000038405,0.34230000005663896,117.02870000021903
BAAI/bge-small-en-v1.5,books about cybersecurity,OL26812791W,"['OL26812791W', 'OL21209347W', 'OL22184420W']","['OL26812791W', 'OL21209347W', 'OL22184420W', 'OL19544528W', 'OL20546296W']","['OL26812791W', 'OL21209347W', 'OL22184420W', 'OL19544528W', 'OL20546296W', 'OL21032970W', 'OL25174700W', 'OL39211580W', 'OL42452639W', 'OL34498336W']","[1, 2, 3, 4, 6, 8, 10, 11, 13, 14, 15, 16, 17, 18, 21, 22, 25, 26, 30, 32, 38, 40, 41, 44, 50]","[0.8385900259017944, 0.8262655138969421, 0.8261947631835938, 0.8220963478088379, 0.8210492134094238, 0.8193444013595581, 0.8104393482208252, 0.8104281425476074, 0.8092305660247803, 0.808702826499939, 0.8079627752304077, 0.806399941444397, 0.8063440322875977, 0.8059465885162354, 0.8056043982505798, 0.800419807434082, 0.7997610569000244, 0.7986669540405273, 0.7983142137527466, 0.7969658374786377, 0.7956146597862244, 0.7927776575088501, 0.7921772003173828, 0.7907814979553223, 0.7901737093925476, 0.7894157767295837, 0.7889217138290405, 0.7863614559173584, 0.7846173048019409, 0.7838714122772217, 0.7828420996665955, 0.7821190357208252, 0.7788028717041016, 0.7783833742141724, 0.7778892517089844, 0.7764071226119995, 0.7756243944168091, 0.7730173468589783, 0.772063136100769, 0.7704859375953674, 0.7694908380508423, 0.764636218547821, 0.7644218802452087, 0.7617965340614319, 0.7580411434173584, 0.7569297552108765, 0.7493768334388733, 0.7358932495117188, 0.6911488771438599, 0.6462913751602173]",1.0,0.8759336168130362,17.108499999949345,0.28240000006007904,57.024500000125045
BAAI/bge-small-en-v1.5,books about human anatomy,OL24876731W,"['OL24876731W', 'OL21375475W', 'OL21128923W']","['OL24876731W', 'OL21375475W', 'OL21128923W', 'OL32906687W', 'OL7548193W']","['OL24876731W', 'OL21375475W', 'OL21128923W', 'OL32906687W', 'OL7548193W', 'OL21208965W', 'OL1173970W', 'OL6989463W', 'OL10343774W', 'OL1800125W']","[2, 3, 4, 5, 6, 7, 10, 11, 13, 14, 17, 18, 19, 20, 24, 29, 30, 31, 33, 34, 36, 37, 38, 41, 45]","[0.8411281108856201, 0.839077889919281, 0.830958366394043, 0.8289437294006348, 0.8283085823059082, 0.8278708457946777, 0.8267282843589783, 0.826500415802002, 0.826500415802002, 0.8199353218078613, 0.8177558183670044, 0.8153477311134338, 0.815313458442688, 0.815189003944397, 0.8149263858795166, 0.8139214515686035, 0.8118654489517212, 0.80946284532547, 0.8086732029914856, 0.8081640601158142, 0.8076772689819336, 0.8063263893127441, 0.8005659580230713, 0.7993333339691162, 0.7989416122436523, 0.7974603176116943, 0.7968376874923706, 0.7964734435081482, 0.7960278987884521, 0.7947818040847778, 0.7887080311775208, 0.7861394286155701, 0.7841894626617432, 0.7820969223976135, 0.7799134850502014, 0.775954008102417, 0.7750698924064636, 0.7691972851753235, 0.7680626511573792, 0.7665431499481201, 0.7556493282318115, 0.7549386024475098, 0.7466787695884705, 0.7464632987976074, 0.736678421497345, 0.7338973879814148, 0.7313864827156067, 0.7307829856872559, 0.7295304536819458, 0.7282851934432983]",0.5,0.6455266180707234,17.99599999981183,0.5005999998957122,48.12819999960993
BAAI/bge-small-en-v1.5,books about astronomy,OL21828913W,"['OL21828913W', 'OL17426146W', 'OL1794362W']","['OL21828913W', 'OL17426146W', 'OL1794362W', 'OL24814274W', 'OL4176959W']","['OL21828913W', 'OL17426146W', 'OL1794362W', 'OL24814274W', 'OL4176959W', 'OL31284402W', 'OL14926389W', 'OL1470721W', 'OL32098082W', 'OL1826762W']","[1, 2, 3, 4, 5, 7, 8, 9, 10, 11, 12, 15, 17, 21, 24, 25, 26, 27, 29, 32, 36, 38, 45, 48, 50]","[0.8082108497619629, 0.8012211322784424, 0.7993375062942505, 0.7988295555114746, 0.7978541254997253, 0.7909824848175049, 0.7825216054916382, 0.7823584079742432, 0.7823584079742432, 0.7763867974281311, 0.771442711353302, 0.7697473764419556, 0.7665976285934448, 0.76486736536026, 0.7647342681884766, 0.764718234539032, 0.7617323994636536, 0.7606723308563232, 0.7606723308563232, 0.7605432271957397, 0.7600078582763672, 0.7590200901031494, 0.7589678764343262, 0.7564843893051147, 0.7564597129821777, 0.7552884817123413, 0.754632830619812, 0.7527854442596436, 0.7526146769523621, 0.752505898475647, 0.7524150609970093, 0.7523785829544067, 0.7516354322433472, 0.7513565421104431, 0.7490324378013611, 0.7470464706420898, 0.7446826696395874, 0.7439054250717163, 0.7412103414535522, 0.7375068664550781, 0.7366183400154114, 0.7362082004547119, 0.7362082004547119, 0.7325661778450012, 0.7307666540145874, 0.7241873741149902, 0.7217416763305664, 0.7191914319992065, 0.709008514881134, 0.7085379362106323]",1.0,0.8413085782033628,20.23119999989831,0.2426999999443069,61.912099999744896
BAAI/bge-small-en-v1.5,books about economics,OL3999607W,"['OL3999607W', 'OL19664827W', 'OL23792287W']","['OL3999607W', 'OL19664827W', 'OL23792287W', 'OL43529480W', 'OL16260965W']","['OL3999607W', 'OL19664827W', 'OL23792287W', 'OL43529480W', 'OL16260965W', 'OL15537999W', 'OL25550708W', 'OL17458179W', 'OL7442683W', 'OL1197164W']","[1, 2, 5, 6, 8, 9, 10, 12, 13, 15, 16, 17, 20, 21, 25, 26, 27, 28, 30, 34, 38, 40, 42, 44, 49]","[0.8180922269821167, 0.8167228102684021, 0.8080233931541443, 0.8023096919059753, 0.8018310070037842, 0.7982325553894043, 0.7928449511528015, 0.7924339771270752, 0.7907512187957764, 0.7897782921791077, 0.7876389622688293, 0.78561931848526, 0.7841364145278931, 0.7833806276321411, 0.7822034955024719, 0.7816176414489746, 0.7801158428192139, 0.7798507213592529, 0.7785969972610474, 0.7780593633651733, 0.776497483253479, 0.7755433320999146, 0.7740954160690308, 0.7736539840698242, 0.7711140513420105, 0.7711140513420105, 0.7711140513420105, 0.7691162824630737, 0.7679299712181091, 0.767789363861084, 0.766198992729187, 0.7656802535057068, 0.7651455402374268, 0.7649195194244385, 0.7634984254837036, 0.7609249353408813, 0.760525643825531, 0.7603365778923035, 0.7552127242088318, 0.7526834011077881, 0.7512215971946716, 0.7510348558425903, 0.7492749691009521, 0.7485370635986328, 0.7443065643310547, 0.7424095273017883, 0.7409114837646484, 0.7395217418670654, 0.7328733205795288, 0.7196017503738403]",1.0,0.9162577850976317,21.348199999920325,0.2674999998362182,52.59639999985666
BAAI/bge-small-en-v1.5,books about business management,OL16318172W,"['OL16318172W', 'OL10749873W', 'OL7455311W']","['OL16318172W', 'OL10749873W', 'OL7455311W', 'OL26727687W', 'OL18153275W']","['OL16318172W', 'OL10749873W', 'OL7455311W', 'OL26727687W', 'OL18153275W', 'OL13537864W', 'OL21627903W', 'OL15977013W', 'OL7145016W', 'OL5846675W']","[2, 3, 5, 7, 8, 9, 10, 12, 13, 14, 15, 19, 21, 22, 24, 28, 29, 32, 35, 36, 39, 40, 42, 43, 49]","[0.8394157886505127, 0.8380725979804993, 0.8074445724487305, 0.8073500990867615, 0.8030422925949097, 0.8027305603027344, 0.7956443428993225, 0.7954498529434204, 0.7801068425178528, 0.7708867192268372, 0.7652302384376526, 0.7630352973937988, 0.7607317566871643, 0.7599902153015137, 0.7591453790664673, 0.7575992941856384, 0.7575675845146179, 0.7545454502105713, 0.7542927265167236, 0.7528148293495178, 0.7522865533828735, 0.7519385814666748, 0.745695948600769, 0.744744598865509, 0.7433568239212036, 0.7417336702346802, 0.7411080598831177, 0.7373977899551392, 0.737338662147522, 0.7281429767608643, 0.7259460091590881, 0.7223349809646606, 0.721277117729187, 0.7208011746406555, 0.7206119894981384, 0.7206119894981384, 0.7205995917320251, 0.7179978489875793, 0.7175672650337219, 0.7163240909576416, 0.7145469188690186, 0.7124139666557312, 0.7118615508079529, 0.7061976194381714, 0.7050306797027588, 0.7050306797027588, 0.6981736421585083, 0.6891363263130188, 0.6866981983184814, 0.5918111205101013]",0.5,0.7482890765470556,25.417800000013813,0.4037999999582098,90.36949999995159
BAAI/bge-small-en-v1.5,historical fiction novels,OL18962877W,"['OL18962877W', 'OL19530069W', 'OL5847216W']","['OL18962877W', 'OL19530069W', 'OL5847216W', 'OL20292353W', 'OL20542665W']","['OL18962877W', 'OL19530069W', 'OL5847216W', 'OL20292353W', 'OL20542665W', 'OL21161404W', 'OL20204292W', 'OL17201625W', 'OL1090899W', 'OL4985883W']","[1, 2, 3, 4, 5, 7, 8, 9, 12, 13, 14, 15, 16, 19, 24, 25, 26, 27, 30, 31, 32, 33, 34, 35, 38]","[0.8041600584983826, 0.7987750768661499, 0.7853348851203918, 0.7748420834541321, 0.7702659964561462, 0.7686796188354492, 0.7676635980606079, 0.7676296234130859, 0.7635588645935059, 0.7609645128250122, 0.7609645128250122, 0.7573725581169128, 0.7537080645561218, 0.7472797632217407, 0.7472797632217407, 0.7415868043899536, 0.7404665350914001, 0.7404235005378723, 0.7389497756958008, 0.7368465065956116, 0.7331907749176025, 0.7331582903862, 0.7331582903862, 0.7278232574462891, 0.7278232574462891, 0.7278232574462891, 0.7270768284797668, 0.7270569801330566, 0.7213455438613892, 0.7180117964744568, 0.7168564200401306, 0.7153729200363159, 0.712268590927124, 0.7106714248657227, 0.6997003555297852, 0.6995668411254883, 0.6945481300354004, 0.693882942199707, 0.6904916763305664, 0.6819600462913513, 0.6801986694335938, 0.675372838973999, 0.673909068107605, 0.6639529466629028, 0.6483242511749268, 0.6368414759635925, 0.6358157396316528, 0.6041368246078491, 0.5952186584472656, 0.5608842968940735]",1.0,0.7111637749084769,19.559399999934612,0.3143999999792868,84.09859999983382
BAAI/bge-small-en-v1.5,books about World War II,OL28873503W,"['OL28873503W', 'OL16978337W', 'OL27475282W']","['OL28873503W', 'OL16978337W', 'OL27475282W', 'OL7031916W', 'OL14858781W']","['OL28873503W', 'OL16978337W', 'OL27475282W', 'OL7031916W', 'OL14858781W', 'OL24174565W', 'OL19159203W', 'OL18849676W', 'OL4807289W', 'OL16467666W']","[3, 4, 5, 6, 7, 9, 11, 12, 13, 15, 21, 23, 24, 26, 30, 31, 32, 34, 36, 37, 39, 40, 45, 48, 49]","[0.8410106301307678, 0.8392534852027893, 0.8387393951416016, 0.8271958231925964, 0.8258751630783081, 0.8187652826309204, 0.8167010545730591, 0.8150256872177124, 0.8098323345184326, 0.8071195483207703, 0.8069602847099304, 0.8058620691299438, 0.8052905201911926, 0.8037984371185303, 0.8035775423049927, 0.8027305603027344, 0.8017342686653137, 0.801194429397583, 0.7992489337921143, 0.79830402135849, 0.794785737991333, 0.7946749925613403, 0.7922818660736084, 0.7882368564605713, 0.7878721952438354, 0.7868166565895081, 0.7867730855941772, 0.7838346362113953, 0.7829574942588806, 0.7814421653747559, 0.7813378572463989, 0.7800182700157166, 0.779564619064331, 0.7779672145843506, 0.7767417430877686, 0.7749800682067871, 0.7725677490234375, 0.7725382447242737, 0.7696490287780762, 0.7660902142524719, 0.7632318139076233, 0.7593557834625244, 0.7519595623016357, 0.7508894205093384, 0.7437386512756348, 0.7378438711166382, 0.7350561618804932, 0.7327924370765686, 0.7283493280410767, 0.7197700142860413]",0.3333333333333333,0.6870816241327395,25.447400000075504,0.2483999999185471,56.00600000002487
BAAI/bge-small-en-v1.5,romance novels,OL25066185W,"['OL25066185W', 'OL15714516W', 'OL20003730W']","['OL25066185W', 'OL15714516W', 'OL20003730W', 'OL23181964W', 'OL5741176W']","['OL25066185W', 'OL15714516W', 'OL20003730W', 'OL23181964W', 'OL5741176W', 'OL21786060W', 'OL1088976W', 'OL21458730W', 'OL27559218W', 'OL18288907W']","[1, 2, 3, 4, 5, 7, 8, 9, 11, 12, 13, 18, 19, 20, 21, 22, 27, 29, 32, 34, 37, 41, 42, 43, 48]","[0.7830095291137695, 0.7757537961006165, 0.7706421613693237, 0.7583655118942261, 0.7538676857948303, 0.7535620927810669, 0.7455760836601257, 0.7420012950897217, 0.7393033504486084, 0.7389233112335205, 0.7355308532714844, 0.7335230708122253, 0.7327182292938232, 0.7311726808547974, 0.7301815748214722, 0.7273449897766113, 0.7267419695854187, 0.7254329919815063, 0.7235892415046692, 0.7228289246559143, 0.7178515195846558, 0.7169286608695984, 0.7125371694564819, 0.711306095123291, 0.7110891342163086, 0.7110891342163086, 0.7087629437446594, 0.7068402171134949, 0.7063014507293701, 0.704503059387207, 0.7040904760360718, 0.6992843151092529, 0.6983126401901245, 0.6951866149902344, 0.6944667100906372, 0.6923733949661255, 0.6908300518989563, 0.6866122484207153, 0.6852177977561951, 0.6829906702041626, 0.6774805784225464, 0.6705353260040283, 0.6548658013343811, 0.6399143934249878, 0.6230589747428894, 0.6140151619911194, 0.586122453212738, 0.5775429606437683, 0.5518393516540527, 0.5372489094734192]",1.0,0.8633414872864721,16.681500000004235,0.3183999999691878,49.10500000005413
BAAI/bge-small-en-v1.5,detective mystery books,OL26176466W,"['OL26176466W', 'OL24260386W', 'OL22130664W']","['OL26176466W', 'OL24260386W', 'OL22130664W', 'OL22134161W', 'OL16075002W']","['OL26176466W', 'OL24260386W', 'OL22130664W', 'OL22134161W', 'OL16075002W', 'OL15397027W', 'OL22129881W', 'OL5007599W', 'OL8333397W', 'OL18338863W']","[1, 3, 4, 6, 8, 10, 12, 14, 15, 18, 22, 23, 24, 26, 30, 31, 33, 34, 36, 39, 40, 41, 42, 45, 46]","[0.8074408769607544, 0.7910424470901489, 0.7888580560684204, 0.7877014875411987, 0.7820243835449219, 0.781842052936554, 0.7800936102867126, 0.7760022878646851, 0.7739165425300598, 0.7722330689430237, 0.7708296179771423, 0.766377329826355, 0.7600157260894775, 0.7599241137504578, 0.7583748698234558, 0.7542957067489624, 0.7531982660293579, 0.7499465346336365, 0.7475205063819885, 0.7448493242263794, 0.7412016987800598, 0.7403730154037476, 0.7353360652923584, 0.7345399856567383, 0.729138970375061, 0.7263838052749634, 0.7219537496566772, 0.7110260128974915, 0.7093707323074341, 0.7088748216629028, 0.7082805633544922, 0.7075915336608887, 0.7069699764251709, 0.7000758647918701, 0.6976539492607117, 0.6976539492607117, 0.6963489055633545, 0.6955059170722961, 0.6928311586380005, 0.6875121593475342, 0.6783350706100464, 0.6732662320137024, 0.6403111219406128, 0.6392713189125061, 0.6117135286331177, 0.6081092953681946, 0.597453236579895, 0.5614206790924072, 0.5538564920425415, 0.5081102252006531]",1.0,0.7222840539530091,17.016300000022966,0.2667000001110864,68.74650000008842
BAAI/bge-small-en-v1.5,books about philosophy,OL20712590W,"['OL20712590W', 'OL16460036W', 'OL17870419W']","['OL20712590W', 'OL16460036W', 'OL17870419W', 'OL22441736W', 'OL15162067W']","['OL20712590W', 'OL16460036W', 'OL17870419W', 'OL22441736W', 'OL15162067W', 'OL16988702W', 'OL6804005W', 'OL7330101W', 'OL2945596W', 'OL13616812W']","[1, 2, 3, 5, 13, 14, 16, 17, 19, 20, 23, 24, 25, 26, 28, 30, 32, 33, 34, 38, 39, 41, 43, 46, 49]","[0.8231505155563354, 0.8231227993965149, 0.8172610998153687, 0.7914971113204956, 0.7914971113204956, 0.7886115312576294, 0.787862241268158, 0.7829267382621765, 0.7791965007781982, 0.7759554386138916, 0.7742274403572083, 0.7723292112350464, 0.7707635164260864, 0.7696874737739563, 0.7688466906547546, 0.7682875990867615, 0.7648649215698242, 0.7633973360061646, 0.7592947483062744, 0.7563307881355286, 0.7561389803886414, 0.7533107995986938, 0.7528916597366333, 0.7522361874580383, 0.7518287897109985, 0.7513793706893921, 0.7512064576148987, 0.7498801350593567, 0.7491613626480103, 0.7491297721862793, 0.7491297721862793, 0.749014675617218, 0.7468220591545105, 0.7458624839782715, 0.7456569671630859, 0.7435680627822876, 0.7405203580856323, 0.738895058631897, 0.7383647561073303, 0.7375011444091797, 0.7374227643013, 0.7357721328735352, 0.7347773313522339, 0.7335330247879028, 0.7301369905471802, 0.7234295606613159, 0.7231522798538208, 0.7067159414291382, 0.6912645101547241, 0.6568895578384399]",1.0,0.9903929125301808,22.239399999989473,0.28199999997013947,53.94079999996393
BAAI/bge-small-en-v1.5,books about programming for beginners,OL21143344W,"['OL21143344W', 'OL26419793W', 'OL440794W']","['OL21143344W', 'OL26419793W', 'OL440794W', 'OL22156984W', 'OL2201833W']","['OL21143344W', 'OL26419793W', 'OL440794W', 'OL22156984W', 'OL2201833W', 'OL6634738W', 'OL19986461W', 'OL36218653W', 'OL15055935W', 'OL8273555W']","[1, 2, 3, 4, 5, 7, 8, 10, 11, 13, 14, 16, 17, 19, 21, 22, 23, 26, 29, 30, 32, 33, 38, 43, 48]","[0.831972599029541, 0.8265011310577393, 0.8097120523452759, 0.8070325255393982, 0.803343653678894, 0.7958943843841553, 0.7935010194778442, 0.7933259606361389, 0.7928352355957031, 0.791713297367096, 0.7913853526115417, 0.7873071432113647, 0.7856035232543945, 0.7848756313323975, 0.7825568318367004, 0.7814844846725464, 0.7791962623596191, 0.7730379104614258, 0.7730233073234558, 0.7720223665237427, 0.7678627967834473, 0.7649096250534058, 0.7639591097831726, 0.7623916268348694, 0.7606987357139587, 0.7602322101593018, 0.7599661946296692, 0.7571735382080078, 0.7559739351272583, 0.7559714913368225, 0.7552616596221924, 0.7550889253616333, 0.7547619938850403, 0.7546718120574951, 0.7519141435623169, 0.7518969774246216, 0.7513723373413086, 0.7493770122528076, 0.7483789920806885, 0.7464936971664429, 0.7408047318458557, 0.7371562123298645, 0.7327820062637329, 0.7323414087295532, 0.7299836874008179, 0.7289096713066101, 0.7289096713066101, 0.7266409993171692, 0.6964183449745178, 0.6634029150009155]",1.0,0.9733291254575511,18.713299999944866,0.5335999999260821,96.7542999997022
BAAI/bge-small-en-v1.5,books about neural networks,OL19012944W,"['OL19012944W', 'OL9076197W', 'OL20684315W']","['OL19012944W', 'OL9076197W', 'OL20684315W', 'OL19890406W', 'OL25640447W']","['OL19012944W', 'OL9076197W', 'OL20684315W', 'OL19890406W', 'OL25640447W', 'OL16966671W', 'OL1916634W', 'OL19387767W', 'OL4646766W', 'OL3513899W']","[1, 3, 4, 7, 8, 9, 11, 12, 13, 14, 15, 16, 18, 19, 21, 23, 24, 25, 28, 29, 35, 39, 43, 47, 48]","[0.8505093455314636, 0.8483447432518005, 0.84627366065979, 0.8435806632041931, 0.8389050364494324, 0.8383487462997437, 0.8363791108131409, 0.8334027528762817, 0.8330507278442383, 0.8316055536270142, 0.8297612071037292, 0.8290983438491821, 0.8269757628440857, 0.8246853351593018, 0.8212494850158691, 0.8189421892166138, 0.8129377365112305, 0.8111810684204102, 0.8111810684204102, 0.8089430332183838, 0.8055461645126343, 0.8042316436767578, 0.8032978773117065, 0.8018457889556885, 0.8014154434204102, 0.8011202812194824, 0.7990990877151489, 0.7989168167114258, 0.7988337874412537, 0.7987764477729797, 0.7985736727714539, 0.7985571026802063, 0.7975976467132568, 0.7961681485176086, 0.7960972189903259, 0.7960947155952454, 0.794479250907898, 0.7939271330833435, 0.7909980416297913, 0.7894224524497986, 0.7851523756980896, 0.7819346785545349, 0.781876802444458, 0.779488205909729, 0.7699636220932007, 0.7616075873374939, 0.7126121520996094, 0.7050219774246216, 0.6948856115341187, 0.6676808595657349]",1.0,0.631876206677559,21.626499999911175,0.34940000000460714,78.66500000000087
BAAI/bge-small-en-v1.5,books about natural language processing,OL20151677W,"['OL20151677W', 'OL27686793W', 'OL19210539W']","['OL20151677W', 'OL27686793W', 'OL19210539W', 'OL20844548W', 'OL20732916W']","['OL20151677W', 'OL27686793W', 'OL19210539W', 'OL20844548W', 'OL20732916W', 'OL20154521W', 'OL18875020W', 'OL19547006W', 'OL18333909W', 'OL5366066W']","[1, 2, 3, 5, 6, 7, 8, 9, 10, 11, 12, 13, 14, 15, 17, 19, 20, 22, 24, 25, 32, 35, 38, 40, 41]","[0.8633058667182922, 0.855316162109375, 0.8444845676422119, 0.8409631252288818, 0.8374882340431213, 0.832352340221405, 0.8270163536071777, 0.8220599889755249, 0.8212618231773376, 0.8200708627700806, 0.819353461265564, 0.8179886937141418, 0.817704975605011, 0.8156304359436035, 0.8155745267868042, 0.8150813579559326, 0.8128745555877686, 0.8123387694358826, 0.8122479915618896, 0.8101623058319092, 0.8090717196464539, 0.808599591255188, 0.8033668994903564, 0.8032093644142151, 0.8015120625495911, 0.8008528351783752, 0.7986791133880615, 0.7978567481040955, 0.7973206043243408, 0.794513463973999, 0.7905746698379517, 0.7900007367134094, 0.7899863719940186, 0.7870110273361206, 0.7861610054969788, 0.784905195236206, 0.7840512990951538, 0.7818844318389893, 0.7776803374290466, 0.7744275331497192, 0.7733701467514038, 0.7727929353713989, 0.7724453210830688, 0.7659517526626587, 0.7632999420166016, 0.7489833831787109, 0.7283523678779602, 0.7238459587097168, 0.7155148386955261, 0.5616326332092285]",1.0,0.7527257774884059,19.19610000004468,0.28899999983877933,54.51330000005328
BAAI/bge-small-en-v1.5,books about computer vision,OL16938256W,"['OL16938256W', 'OL6025415W', 'OL19051956W']","['OL16938256W', 'OL6025415W', 'OL19051956W', 'OL1854571W', 'OL20782196W']","['OL16938256W', 'OL6025415W', 'OL19051956W', 'OL1854571W', 'OL20782196W', 'OL4283537W', 'OL20832786W', 'OL19188834W', 'OL37626734W', 'OL15679957W']","[2, 3, 4, 5, 7, 9, 10, 11, 13, 15, 16, 19, 20, 21, 23, 25, 29, 30, 33, 40, 41, 43, 45, 47, 49]","[0.8761096596717834, 0.8506543636322021, 0.8493329286575317, 0.8450294733047485, 0.8445971012115479, 0.842381477355957, 0.8374325037002563, 0.8368741273880005, 0.8347111344337463, 0.8344479203224182, 0.8320252299308777, 0.828264594078064, 0.8249359130859375, 0.8215093612670898, 0.820980429649353, 0.8191829919815063, 0.8189619779586792, 0.8154319524765015, 0.8136701583862305, 0.8117853403091431, 0.809188187122345, 0.8068121075630188, 0.8060994744300842, 0.802212119102478, 0.7993597984313965, 0.797523021697998, 0.7959708571434021, 0.7952015399932861, 0.7949307560920715, 0.7919272184371948, 0.7875835299491882, 0.7842793464660645, 0.7832082509994507, 0.7823612689971924, 0.780476450920105, 0.7788709402084351, 0.7782884836196899, 0.7750718593597412, 0.7698287963867188, 0.7683402299880981, 0.7574814558029175, 0.7572317123413086, 0.756811797618866, 0.7552657723426819, 0.7551530599594116, 0.7522481679916382, 0.7500838041305542, 0.7249454259872437, 0.6977216005325317, 0.6449662446975708]",0.5,0.6436919397129445,27.083400000037727,0.30900000001565786,102.34669999999824
BAAI/bge-small-en-v1.5,books about entrepreneurship,OL18965897W,"['OL18965897W', 'OL21282446W', 'OL19281738W']","['OL18965897W', 'OL21282446W', 'OL19281738W', 'OL34416723W', 'OL22921635W']","['OL18965897W', 'OL21282446W', 'OL19281738W', 'OL34416723W', 'OL22921635W', 'OL24393661W', 'OL25685573W', 'OL21151144W', 'OL15894733W', 'OL23173566W']","[2, 4, 6, 7, 9, 10, 11, 13, 14, 15, 17, 20, 22, 23, 24, 27, 28, 29, 31, 32, 33, 36, 38, 39, 44]","[0.8123772740364075, 0.8066136837005615, 0.7982326149940491, 0.7982059717178345, 0.7939553260803223, 0.7911479473114014, 0.7884941101074219, 0.788081169128418, 0.7848232984542847, 0.7821443676948547, 0.7817602157592773, 0.7805275917053223, 0.7797751426696777, 0.7786706686019897, 0.778653085231781, 0.7785695791244507, 0.7783227562904358, 0.7765471935272217, 0.775820255279541, 0.7745318412780762, 0.7724100947380066, 0.7699486613273621, 0.7661561369895935, 0.763396143913269, 0.7625269889831543, 0.7623597383499146, 0.7619298696517944, 0.7618910074234009, 0.7616133689880371, 0.759280800819397, 0.75788813829422, 0.7563767433166504, 0.7561304569244385, 0.7560866475105286, 0.7528278231620789, 0.7488230466842651, 0.7477779388427734, 0.7472351789474487, 0.7443485260009766, 0.7386740446090698, 0.7351351976394653, 0.7338499426841736, 0.7292640209197998, 0.7250207662582397, 0.7197109460830688, 0.7005012035369873, 0.6259415149688721, 0.6102746725082397, 0.5780037045478821, 0.570671796798706]",0.5,0.546108867218633,25.56330000015805,0.31990000002224406,53.6829000002399
BAAI/bge-base-en-v1.5,books for learning deep learning and neural networks,OL21143388W,"['OL21143388W', 'OL25327390W', 'OL17801809W']","['OL21143388W', 'OL25327390W', 'OL17801809W', 'OL19545719W', 'OL19545695W']","['OL21143388W', 'OL25327390W', 'OL17801809W', 'OL19545719W', 'OL19545695W', 'OL28008472W', 'OL25472735W', 'OL36475079W', 'OL25221628W', 'OL20809452W']","[1, 2, 3, 4, 5, 8, 9, 11, 14, 15, 19, 20, 21, 22, 23, 25, 26, 28, 30, 32, 33, 35, 37, 39, 43]","[0.8274511098861694, 0.8256825804710388, 0.825336217880249, 0.8243281245231628, 0.8205124139785767, 0.8190683126449585, 0.8167233467102051, 0.8156940937042236, 0.8133567571640015, 0.8121954202651978, 0.8118157386779785, 0.8108881115913391, 0.8106792569160461, 0.8044046759605408, 0.803677499294281, 0.8035317063331604, 0.8004102110862732, 0.8003589510917664, 0.8000323176383972, 0.7985866069793701, 0.7961997985839844, 0.7946200370788574, 0.7943830490112305, 0.7932078838348389, 0.7887388467788696, 0.7883444428443909, 0.7870304584503174, 0.7823330760002136, 0.7816237211227417, 0.7786940336227417, 0.7754075527191162, 0.7729302644729614, 0.772007942199707, 0.7715977430343628, 0.7707192897796631, 0.7707138061523438, 0.7695131301879883, 0.7685269117355347, 0.7670654654502869, 0.7661347389221191, 0.7651682496070862, 0.7633488178253174, 0.7628847360610962, 0.7627488374710083, 0.7604951858520508, 0.7597324848175049, 0.7588338851928711, 0.7575990557670593, 0.7549384236335754, 0.7492259740829468]",1.0,0.9536319137595334,20.912899999984802,0.462599999991653,101.57570000001215
BAAI/bge-base-en-v1.5,a book about good habits,OL2671725W,"['OL2671725W', 'OL2025347W', 'OL20022599W']","['OL2671725W', 'OL2025347W', 'OL20022599W', 'OL20330730W', 'OL42821322W']","['OL2671725W', 'OL2025347W', 'OL20022599W', 'OL20330730W', 'OL42821322W', 'OL20319536W', 'OL20895430W', 'OL34199433W', 'OL29335732W', 'OL8836702W']","[1, 2, 3, 4, 5, 6, 7, 8, 10, 14, 17, 18, 20, 21, 23, 25, 34, 35, 37, 38, 39, 43, 45, 49, 50]","[0.8279261589050293, 0.8171687126159668, 0.8062463998794556, 0.7996892333030701, 0.7993757724761963, 0.7933876514434814, 0.7873263359069824, 0.7842229604721069, 0.7839106321334839, 0.7825531959533691, 0.7805601358413696, 0.7795466780662537, 0.7770214080810547, 0.7751179933547974, 0.7749776840209961, 0.7748129367828369, 0.7729061841964722, 0.7727341651916504, 0.7711032032966614, 0.7697051763534546, 0.7663235664367676, 0.7643296718597412, 0.7629669904708862, 0.757489800453186, 0.7573916912078857, 0.755908727645874, 0.7518073320388794, 0.7507998943328857, 0.7503201961517334, 0.7494094371795654, 0.7482213377952576, 0.7473463416099548, 0.746249258518219, 0.7461230754852295, 0.7451282739639282, 0.7431750893592834, 0.7431750893592834, 0.7418665885925293, 0.7411307096481323, 0.7386683821678162, 0.7305470705032349, 0.7300904989242554, 0.7281870245933533, 0.7280986309051514, 0.7277272343635559, 0.7270835041999817, 0.7253539562225342, 0.7225605249404907, 0.7179921269416809, 0.6693735122680664]",1.0,0.9857563059057247,21.179100000153994,0.470400000040172,65.99900000014713
BAAI/bge-base-en-v1.5,magic and wizards,OL20534174W,"['OL20534174W', 'OL20293280W', 'OL13615506W']","['OL20534174W', 'OL20293280W', 'OL13615506W', 'OL23193888W', 'OL22094743W']","['OL20534174W', 'OL20293280W', 'OL13615506W', 'OL23193888W', 'OL22094743W', 'OL16688362W', 'OL15944414W', 'OL8505479W', 'OL25747062W', 'OL17079867W']","[1, 2, 3, 4, 5, 6, 7, 11, 12, 13, 14, 18, 20, 22, 24, 25, 27, 28, 30, 35, 37, 38, 42, 45, 46]","[0.7869685888290405, 0.768155574798584, 0.7626000642776489, 0.7617819905281067, 0.7588989734649658, 0.7571097612380981, 0.751386284828186, 0.7390262484550476, 0.7387520670890808, 0.7377989888191223, 0.7371059060096741, 0.734203577041626, 0.7333391904830933, 0.7330260276794434, 0.7293151617050171, 0.725845456123352, 0.7253092527389526, 0.7251390218734741, 0.7228366732597351, 0.721164345741272, 0.7202746868133545, 0.7182630896568298, 0.7096161246299744, 0.7051394581794739, 0.7049872875213623, 0.7044920921325684, 0.7025850415229797, 0.7010539770126343, 0.6989089846611023, 0.6985518336296082, 0.696025013923645, 0.6933624744415283, 0.689323902130127, 0.6868373155593872, 0.6845465898513794, 0.6821590662002563, 0.6765036582946777, 0.6761412620544434, 0.676116406917572, 0.6750742197036743, 0.674699068069458, 0.6703052520751953, 0.6665820479393005, 0.6582237482070923, 0.6576800346374512, 0.6574127078056335, 0.6464411020278931, 0.6407537460327148, 0.620804488658905, 0.6064162850379944]",1.0,0.7750966522809927,20.24499999993168,0.5008000000543689,131.9988000000194
BAAI/bge-base-en-v1.5,science fiction books about space exploration,OL22341652W,"['OL22341652W', 'OL22645472W', 'OL5747384W']","['OL22341652W', 'OL22645472W', 'OL5747384W', 'OL1951825W', 'OL15189158W']","['OL22341652W', 'OL22645472W', 'OL5747384W', 'OL1951825W', 'OL15189158W', 'OL4281962W', 'OL15840015W', 'OL3177723W', 'OL24176972W', 'OL8977260W']","[1, 2, 4, 5, 6, 9, 10, 12, 13, 16, 17, 18, 20, 21, 22, 23, 25, 31, 34, 35, 42, 43, 45, 48, 49]","[0.7347925305366516, 0.7337915897369385, 0.7309861183166504, 0.724663496017456, 0.7238526344299316, 0.7234750986099243, 0.715753972530365, 0.7133587598800659, 0.7089625597000122, 0.7087186574935913, 0.7079077959060669, 0.7076448202133179, 0.7067617177963257, 0.7049196362495422, 0.704602062702179, 0.7035875916481018, 0.7033323049545288, 0.7031727433204651, 0.7000632286071777, 0.6969387531280518, 0.6955097913742065, 0.694658100605011, 0.6945880055427551, 0.6945526003837585, 0.6932961344718933, 0.6925342082977295, 0.6919999718666077, 0.6909298896789551, 0.6903638243675232, 0.6884164810180664, 0.6856691837310791, 0.6789126992225647, 0.6765811443328857, 0.6737504005432129, 0.6708441972732544, 0.6708402037620544, 0.6705590486526489, 0.666255533695221, 0.6657555103302002, 0.6655818223953247, 0.6551107168197632, 0.6539745330810547, 0.6467993259429932, 0.6467084884643555, 0.6462181210517883, 0.6450710892677307, 0.6442375183105469, 0.6377984285354614, 0.6361311674118042, 0.622551441192627]",1.0,0.9097909620899,23.5878999999386,0.3452000000834232,69.66459999989638
BAAI/bge-base-en-v1.5,books for learning Python,OL32476342W,"['OL32476342W', 'OL24676096W', 'OL4277391W']","['OL32476342W', 'OL24676096W', 'OL4277391W', 'OL13301932W', 'OL19542202W']","['OL32476342W', 'OL24676096W', 'OL4277391W', 'OL13301932W', 'OL19542202W', 'OL17928594W', 'OL21049364W', 'OL17405916W', 'OL22291567W', 'OL2201827W']","[1, 3, 4, 5, 6, 8, 9, 11, 12, 15, 20, 22, 23, 24, 25, 27, 28, 31, 32, 33, 34, 41, 43, 44, 47]","[0.7770962715148926, 0.7624084949493408, 0.7580965161323547, 0.7577300071716309, 0.7535384893417358, 0.7527151703834534, 0.7521505951881409, 0.7518836259841919, 0.7505893111228943, 0.7455581426620483, 0.7455003261566162, 0.7437955141067505, 0.739830493927002, 0.7390172481536865, 0.7375525236129761, 0.7337769269943237, 0.728789210319519, 0.728789210319519, 0.728789210319519, 0.7249963879585266, 0.7223948240280151, 0.7218618392944336, 0.7206789255142212, 0.7202684879302979, 0.72014319896698, 0.7186166048049927, 0.716070294380188, 0.7157175540924072, 0.7146434783935547, 0.711667537689209, 0.7099975347518921, 0.7097786664962769, 0.7095955610275269, 0.7095357775688171, 0.7093893885612488, 0.7053868770599365, 0.7026326060295105, 0.7014575004577637, 0.6998797655105591, 0.6985070705413818, 0.6978021264076233, 0.6963670253753662, 0.6950058937072754, 0.6938833594322205, 0.690385103225708, 0.6894514560699463, 0.6850677728652954, 0.6841287016868591, 0.674312949180603, 0.6702842712402344]",1.0,0.6922389736026402,18.626199999971504,0.40190000004258764,134.87670000017715
BAAI/bge-base-en-v1.5,machine learning for beginners,OL20794000W,"['OL20794000W', 'OL25591389W', 'OL28761960W']","['OL20794000W', 'OL25591389W', 'OL28761960W', 'OL9767368W', 'OL2248893W']","['OL20794000W', 'OL25591389W', 'OL28761960W', 'OL9767368W', 'OL2248893W', 'OL19543610W', 'OL22535826W', 'OL6991918W', 'OL25242642W', 'OL17366306W']","[1, 2, 6, 7, 9, 10, 11, 12, 13, 14, 15, 16, 17, 19, 20, 22, 23, 24, 30, 32, 37, 40, 41, 42, 45]","[0.8560302257537842, 0.8300505876541138, 0.8244113922119141, 0.8214908242225647, 0.811323881149292, 0.8050963282585144, 0.8043755888938904, 0.8023845553398132, 0.7995746731758118, 0.7981749773025513, 0.7942680716514587, 0.792210578918457, 0.7917190790176392, 0.7903120517730713, 0.7882391214370728, 0.7860094308853149, 0.7848397493362427, 0.7812331914901733, 0.7793295979499817, 0.7771619558334351, 0.776976466178894, 0.7764109373092651, 0.7710723876953125, 0.768903911113739, 0.7684589624404907, 0.768383264541626, 0.7662492990493774, 0.766143262386322, 0.7654399871826172, 0.7638652920722961, 0.7563527822494507, 0.7553560733795166, 0.7529094219207764, 0.7506955862045288, 0.7506253719329834, 0.7471895813941956, 0.7466888427734375, 0.7441924810409546, 0.7409509420394897, 0.7384689450263977, 0.7338248491287231, 0.7333223819732666, 0.7257720232009888, 0.7220840454101562, 0.717736005783081, 0.7163035869598389, 0.7130523920059204, 0.7063837051391602, 0.693584680557251, 0.6532257795333862]",1.0,0.8395040610819926,23.671599999943282,0.3394000000298547,71.24979999980496
BAAI/bge-base-en-v1.5,books about psychology and human behavior,OL5363855W,"['OL5363855W', 'OL7578440W', 'OL13655545W']","['OL5363855W', 'OL7578440W', 'OL13655545W', 'OL5363856W', 'OL6612448W']","['OL5363855W', 'OL7578440W', 'OL13655545W', 'OL5363856W', 'OL6612448W', 'OL15534W', 'OL4773513W', 'OL2661648W', 'OL19138961W', 'OL7373399W']","[1, 2, 3, 4, 5, 6, 7, 8, 9, 10, 12, 13, 14, 15, 17, 21, 22, 23, 29, 33, 34, 35, 39, 41, 43]","[0.8121759295463562, 0.8106156587600708, 0.8106156587600708, 0.8030270934104919, 0.7677409648895264, 0.765555739402771, 0.7652742862701416, 0.764400064945221, 0.7638689279556274, 0.7632918953895569, 0.7619106769561768, 0.7561771273612976, 0.7547742128372192, 0.7522900104522705, 0.7459907531738281, 0.7440711259841919, 0.7416166067123413, 0.7372127771377563, 0.7370851635932922, 0.7356400489807129, 0.7345948219299316, 0.7342252731323242, 0.7342252731323242, 0.7336643934249878, 0.7328158617019653, 0.7327834367752075, 0.7319880127906799, 0.7319879531860352, 0.7283539772033691, 0.7280017137527466, 0.727927565574646, 0.7254631519317627, 0.7243154048919678, 0.7232106924057007, 0.7220954298973083, 0.721989095211029, 0.7207318544387817, 0.7207258939743042, 0.7205067276954651, 0.718386173248291, 0.7160265445709229, 0.7157478928565979, 0.7137517929077148, 0.7130118608474731, 0.7128551006317139, 0.7081223726272583, 0.7000879049301147, 0.6957516670227051, 0.694250226020813, 0.6767477989196777]",1.0,0.9886387701999128,24.220700000114448,0.4839000000629312,77.90780000004816
BAAI/bge-base-en-v1.5,Victorian mystery novels,OL24844691W,"['OL24844691W', 'OL191051W', 'OL4495329W']","['OL24844691W', 'OL191051W', 'OL4495329W', 'OL15240028W', 'OL16697744W']","['OL24844691W', 'OL191051W', 'OL4495329W', 'OL15240028W', 'OL16697744W', 'OL16574881W', 'OL28791775W', 'OL5805203W', 'OL14960203W', 'OL25689493W']","[1, 2, 3, 4, 5, 6, 7, 8, 9, 10, 11, 13, 14, 15, 18, 19, 20, 21, 22, 25, 26, 30, 31, 37, 38]","[0.7824172973632812, 0.7796398401260376, 0.7732378840446472, 0.7638384699821472, 0.7560153007507324, 0.7403696775436401, 0.7309111952781677, 0.7250721454620361, 0.7242988348007202, 0.7216470241546631, 0.7040358185768127, 0.6977424621582031, 0.6976500749588013, 0.696092963218689, 0.6916745901107788, 0.6888914704322815, 0.6875128149986267, 0.6855795383453369, 0.6828734874725342, 0.6806657314300537, 0.6784354448318481, 0.6710681915283203, 0.6665478944778442, 0.666184663772583, 0.6659280061721802, 0.6659280061721802, 0.65053790807724, 0.6437183022499084, 0.6407240629196167, 0.638506293296814, 0.635840654373169, 0.6303312182426453, 0.629623293876648, 0.6290229558944702, 0.6234628558158875, 0.6234628558158875, 0.6222176551818848, 0.6140384674072266, 0.6101040840148926, 0.6079188585281372, 0.5915734171867371, 0.5792672038078308, 0.5756924152374268, 0.567863941192627, 0.566146969795227, 0.5603893995285034, 0.5568183660507202, 0.5503422021865845, 0.5222582221031189, 0.48152291774749756]",1.0,0.997681234552023,21.97739999996884,0.3893000000516622,65.39580000003298
BAAI/bge-base-en-v1.5,books about artificial intelligence,OL16042574W,"['OL16042574W', 'OL30383299W', 'OL21153829W']","['OL16042574W', 'OL30383299W', 'OL21153829W', 'OL25226489W', 'OL8324381W']","['OL16042574W', 'OL30383299W', 'OL21153829W', 'OL25226489W', 'OL8324381W', 'OL3505157W', 'OL20516226W', 'OL4123465W', 'OL15440992W', 'OL10493111W']","[1, 2, 3, 4, 5, 6, 7, 9, 13, 14, 16, 19, 22, 24, 25, 27, 30, 31, 33, 34, 38, 40, 42, 44, 47]","[0.8075248599052429, 0.8072447776794434, 0.8042598962783813, 0.8036359548568726, 0.8024293184280396, 0.8003929853439331, 0.7998570203781128, 0.7988423705101013, 0.7953159213066101, 0.792649507522583, 0.7918373346328735, 0.7875611782073975, 0.7853831052780151, 0.7849726676940918, 0.7821563482284546, 0.7808268070220947, 0.779654860496521, 0.7771532535552979, 0.7766618728637695, 0.775160551071167, 0.775160551071167, 0.7741793990135193, 0.774145245552063, 0.774140477180481, 0.7736152410507202, 0.7715545892715454, 0.770488977432251, 0.7692320346832275, 0.7684151530265808, 0.7679462432861328, 0.7677876949310303, 0.7660836577415466, 0.7648503184318542, 0.7645571827888489, 0.7640188932418823, 0.7629795074462891, 0.7589506506919861, 0.7579772472381592, 0.7556254863739014, 0.753491222858429, 0.7527225017547607, 0.7484855651855469, 0.7451485395431519, 0.7391905784606934, 0.7318325042724609, 0.7318325042724609, 0.7157773971557617, 0.7025954723358154, 0.7019720673561096, 0.5561103820800781]",1.0,0.9179296647303729,18.6525999999958,0.45290000002751185,85.74879999991936
BAAI/bge-base-en-v1.5,database management books,OL16924669W,"['OL16924669W', 'OL3924508W', 'OL4909504W']","['OL16924669W', 'OL3924508W', 'OL4909504W', 'OL32242182W', 'OL4638646W']","['OL16924669W', 'OL3924508W', 'OL4909504W', 'OL32242182W', 'OL4638646W', 'OL13263524W', 'OL11373517W', 'OL4800851W', 'OL2367823W', 'OL4682059W']","[2, 4, 5, 6, 7, 8, 10, 11, 12, 14, 16, 17, 18, 19, 20, 22, 23, 24, 36, 38, 43, 47, 48, 49, 50]","[0.844730794429779, 0.8425104022026062, 0.8390693068504333, 0.8349409699440002, 0.8279424905776978, 0.8241109848022461, 0.8217226266860962, 0.8197522759437561, 0.8188942670822144, 0.8186174631118774, 0.8163512945175171, 0.8161053657531738, 0.8157962560653687, 0.8157962560653687, 0.8131898045539856, 0.8116545677185059, 0.8109166622161865, 0.8107122778892517, 0.8087328672409058, 0.8070852756500244, 0.806681752204895, 0.8060380220413208, 0.8058180809020996, 0.8058180809020996, 0.8028904795646667, 0.7984416484832764, 0.7974418997764587, 0.7954089641571045, 0.7938572764396667, 0.7911397814750671, 0.7878807187080383, 0.7856622934341431, 0.7856622934341431, 0.7856622934341431, 0.7856622934341431, 0.7827997207641602, 0.7827924489974976, 0.7807785272598267, 0.7794840335845947, 0.7779260873794556, 0.7775412797927856, 0.7772644758224487, 0.7758634090423584, 0.773513913154602, 0.7731608748435974, 0.7729039192199707, 0.7717514634132385, 0.7016380429267883, 0.6818236112594604, 0.6586099863052368]",0.5,0.6151475608088935,19.366099999842845,0.34540000001470617,68.89569999998457
BAAI/bge-base-en-v1.5,books about computer networks,OL16458716W,"['OL16458716W', 'OL16952919W', 'OL19182459W']","['OL16458716W', 'OL16952919W', 'OL19182459W', 'OL19836629W', 'OL15893501W']","['OL16458716W', 'OL16952919W', 'OL19182459W', 'OL19836629W', 'OL15893501W', 'OL20813667W', 'OL2645710W', 'OL21244396W', 'OL3258748W', 'OL16944382W']","[4, 5, 6, 7, 8, 11, 12, 13, 14, 15, 16, 18, 22, 23, 24, 26, 28, 32, 34, 40, 41, 42, 44, 48, 49]","[0.8585106134414673, 0.8482249975204468, 0.8210086822509766, 0.8204537630081177, 0.8164061307907104, 0.8145120143890381, 0.8034178018569946, 0.8024036884307861, 0.7996625304222107, 0.7987812161445618, 0.7960613965988159, 0.792538046836853, 0.7888314723968506, 0.7887659668922424, 0.7843876481056213, 0.7827388048171997, 0.7821072340011597, 0.7809261083602905, 0.7788153290748596, 0.7769697308540344, 0.7769697308540344, 0.7754788994789124, 0.7743575572967529, 0.7714526653289795, 0.7677274942398071, 0.7632225751876831, 0.7614366412162781, 0.7582173347473145, 0.7533224821090698, 0.7506005167961121, 0.7500400543212891, 0.7497439980506897, 0.7488033771514893, 0.7471432089805603, 0.7410174608230591, 0.7398680448532104, 0.7391653060913086, 0.7340516448020935, 0.7325358390808105, 0.7209128141403198, 0.7196660041809082, 0.7126814126968384, 0.710915207862854, 0.7005611062049866, 0.6955289840698242, 0.6840952634811401, 0.6808457374572754, 0.6781944632530212, 0.6361962556838989, 0.6197972297668457]",0.25,0.5327673104172647,20.314300000109142,0.4853999998886138,50.73840000000018
BAAI/bge-base-en-v1.5,operating systems textbooks,OL8584984W,"['OL8584984W', 'OL5440161W', 'OL17730648W']","['OL8584984W', 'OL5440161W', 'OL17730648W', 'OL8346962W', 'OL4331179W']","['OL8584984W', 'OL5440161W', 'OL17730648W', 'OL8346962W', 'OL4331179W', 'OL18660401W', 'OL1753978W', 'OL15077255W', 'OL12459987W', 'OL4722390W']","[1, 3, 4, 5, 7, 8, 9, 10, 11, 12, 13, 14, 15, 16, 20, 21, 24, 26, 27, 28, 29, 31, 38, 39, 42]","[0.8773506879806519, 0.8451103568077087, 0.8423278331756592, 0.8423278331756592, 0.8407567739486694, 0.8375437259674072, 0.8369705677032471, 0.8355022668838501, 0.8352608680725098, 0.8316937685012817, 0.825654149055481, 0.8224749565124512, 0.8223412036895752, 0.8222510814666748, 0.818895697593689, 0.8174030780792236, 0.8171628713607788, 0.8168916702270508, 0.8167892694473267, 0.8164991140365601, 0.8149991631507874, 0.8146671056747437, 0.8136993646621704, 0.813332736492157, 0.8121672868728638, 0.8116664886474609, 0.8116122484207153, 0.809658944606781, 0.8091644048690796, 0.8090375661849976, 0.8066206574440002, 0.8044979572296143, 0.803447961807251, 0.8023457527160645, 0.8015589714050293, 0.7988994717597961, 0.7988994717597961, 0.7967859506607056, 0.7931255102157593, 0.7920646071434021, 0.7883543968200684, 0.7861201167106628, 0.7714985609054565, 0.7705773115158081, 0.7694147229194641, 0.7694147229194641, 0.7495162487030029, 0.7423349022865295, 0.7405703067779541, 0.704258918762207]",1.0,0.8956157797321794,24.343900000076246,0.37269999984346214,82.32659999976022
BAAI/bge-base-en-v1.5,books about data structures and algorithms,OL22518195W,"['OL22518195W', 'OL21177420W', 'OL2930943W']","['OL22518195W', 'OL21177420W', 'OL2930943W', 'OL1735558W', 'OL33357715W']","['OL22518195W', 'OL21177420W', 'OL2930943W', 'OL1735558W', 'OL33357715W', 'OL2589572W', 'OL2718655W', 'OL4647037W', 'OL2657857W', 'OL42406117W']","[1, 2, 3, 4, 5, 7, 9, 12, 14, 15, 16, 18, 19, 20, 21, 23, 25, 27, 28, 30, 35, 38, 41, 46, 48]","[0.8510799407958984, 0.8510191440582275, 0.850041389465332, 0.8476837873458862, 0.8473184108734131, 0.8455952405929565, 0.8431843519210815, 0.8421899676322937, 0.8388972282409668, 0.8388180136680603, 0.8378485441207886, 0.8358089923858643, 0.8351680040359497, 0.8332950472831726, 0.8294439315795898, 0.8279727101325989, 0.8239747285842896, 0.8228045701980591, 0.822513222694397, 0.8212920427322388, 0.8199335336685181, 0.8196185827255249, 0.8193765878677368, 0.8188891410827637, 0.8182713985443115, 0.8178861141204834, 0.8164629936218262, 0.8164345622062683, 0.8154289722442627, 0.8120856285095215, 0.8106646537780762, 0.8077949285507202, 0.8056197166442871, 0.8051787614822388, 0.8047335147857666, 0.8022211790084839, 0.8021845817565918, 0.8011415004730225, 0.7993382215499878, 0.798033595085144, 0.7956432104110718, 0.7914270162582397, 0.7912355661392212, 0.7864376306533813, 0.7860209941864014, 0.7819891571998596, 0.7805719375610352, 0.7790688276290894, 0.7637141942977905, 0.7623671293258667]",1.0,0.9339575529344368,19.508000000087122,0.35939999997935956,61.963500000047134
BAAI/bge-base-en-v1.5,books for learning Java,OL17189565W,"['OL17189565W', 'OL17305518W', 'OL17305504W']","['OL17189565W', 'OL17305518W', 'OL17305504W', 'OL17188450W', 'OL17305814W']","['OL17189565W', 'OL17305518W', 'OL17305504W', 'OL17188450W', 'OL17305814W', 'OL17190335W', 'OL17189328W', 'OL17188458W', 'OL17099842W', 'OL17099713W']","[1, 2, 3, 4, 5, 6, 7, 8, 9, 10, 11, 12, 13, 15, 18, 22, 24, 26, 27, 32, 35, 43, 44, 46, 47]","[0.7801693677902222, 0.7801693677902222, 0.7801693677902222, 0.7801693677902222, 0.7801693677902222, 0.7801693677902222, 0.7801693677902222, 0.778167724609375, 0.7767059803009033, 0.7767059803009033, 0.7728945016860962, 0.7723357677459717, 0.7479976415634155, 0.7450881004333496, 0.7430768013000488, 0.7424406409263611, 0.7397812604904175, 0.7394641637802124, 0.7388983368873596, 0.7363100051879883, 0.7354780435562134, 0.7341739535331726, 0.7328484058380127, 0.731935977935791, 0.7315179109573364, 0.7305891513824463, 0.7290610074996948, 0.7289988398551941, 0.7288768887519836, 0.7285130620002747, 0.717884361743927, 0.7165322303771973, 0.7162823677062988, 0.7159470319747925, 0.7147478461265564, 0.7038735747337341, 0.70366370677948, 0.7033159136772156, 0.7027984857559204, 0.7020272016525269, 0.6997630596160889, 0.6994632482528687, 0.6978048086166382, 0.6975094079971313, 0.690496563911438, 0.6786090135574341, 0.672027051448822, 0.6603740453720093, 0.6400763988494873, 0.623183012008667]",1.0,1.0,17.261299999972834,0.4337999998824671,67.05259999989721
BAAI/bge-base-en-v1.5,books about web development,OL19854114W,"['OL19854114W', 'OL36498282W', 'OL39662413W']","['OL19854114W', 'OL36498282W', 'OL39662413W', 'OL20732060W', 'OL8204139W']","['OL19854114W', 'OL36498282W', 'OL39662413W', 'OL20732060W', 'OL8204139W', 'OL8925573W', 'OL17581323W', 'OL5841683W', 'OL13683840W', 'OL19547790W']","[2, 3, 4, 6, 7, 8, 9, 11, 12, 13, 16, 17, 19, 21, 22, 27, 28, 30, 34, 35, 43, 44, 46, 47, 49]","[0.7775177955627441, 0.7764472961425781, 0.7728031277656555, 0.7722784280776978, 0.7694288492202759, 0.7676857113838196, 0.7638609409332275, 0.7614059448242188, 0.7586146593093872, 0.7560681104660034, 0.7525202035903931, 0.7499260902404785, 0.7496209144592285, 0.7457507848739624, 0.742616593837738, 0.7419496178627014, 0.7404866814613342, 0.7395711541175842, 0.7376870512962341, 0.7369604110717773, 0.7360131740570068, 0.7356282472610474, 0.7305594086647034, 0.729253888130188, 0.7270671129226685, 0.7263257503509521, 0.722954511642456, 0.7225111722946167, 0.7204055786132812, 0.7188076972961426, 0.7164103388786316, 0.7116782665252686, 0.7116576433181763, 0.7114582061767578, 0.7108812928199768, 0.7105375528335571, 0.7072288990020752, 0.7044882774353027, 0.7044882774353027, 0.7027369737625122, 0.7015714049339294, 0.6978287696838379, 0.6966488361358643, 0.6962500810623169, 0.684517502784729, 0.6739165782928467, 0.6736555695533752, 0.6607337594032288, 0.6491469740867615, 0.6282883882522583]",0.5,0.7116309262189366,19.773500000155764,0.34419999997226114,120.6397000000834
BAAI/bge-base-en-v1.5,books about cybersecurity,OL26571657W,"['OL26571657W', 'OL32298419W', 'OL34050987W']","['OL26571657W', 'OL32298419W', 'OL34050987W', 'OL25698190W', 'OL17563738W']","['OL26571657W', 'OL32298419W', 'OL34050987W', 'OL25698190W', 'OL17563738W', 'OL19544528W', 'OL39211580W', 'OL21510961W', 'OL24375547W', 'OL21197871W']","[1, 2, 4, 5, 6, 7, 8, 13, 14, 17, 18, 19, 20, 21, 24, 27, 29, 31, 32, 34, 36, 37, 38, 41, 48]","[0.7835958003997803, 0.7790980339050293, 0.7782016396522522, 0.7750505208969116, 0.7742123007774353, 0.772990345954895, 0.7710113525390625, 0.7678156495094299, 0.7668335437774658, 0.7668085098266602, 0.7648653984069824, 0.764098048210144, 0.7593644857406616, 0.7592209577560425, 0.757815420627594, 0.7577615976333618, 0.7572591304779053, 0.756198525428772, 0.7551966905593872, 0.7547215819358826, 0.7542532682418823, 0.7536799907684326, 0.7535492181777954, 0.7507960796356201, 0.7504223585128784, 0.7503555417060852, 0.749319851398468, 0.7485786080360413, 0.7484143972396851, 0.7462485432624817, 0.7461729049682617, 0.7451696395874023, 0.7432782053947449, 0.7428312301635742, 0.7426210045814514, 0.7407649755477905, 0.7399345636367798, 0.7334983348846436, 0.7281637787818909, 0.7263287305831909, 0.7259258031845093, 0.7244799137115479, 0.7221460342407227, 0.7117709517478943, 0.7090345621109009, 0.7048827409744263, 0.7037201523780823, 0.6920346021652222, 0.6862484216690063, 0.6844115853309631]",1.0,0.7051409594887117,19.845000000032087,0.40090000015879923,60.576100000162114
BAAI/bge-base-en-v1.5,books about human anatomy,OL1562698W,"['OL1562698W', 'OL1173970W', 'OL21375475W']","['OL1562698W', 'OL1173970W', 'OL21375475W', 'OL6990054W', 'OL28969634W']","['OL1562698W', 'OL1173970W', 'OL21375475W', 'OL6990054W', 'OL28969634W', 'OL10225386W', 'OL7548193W', 'OL3751524W', 'OL2772846W', 'OL16932294W']","[2, 3, 4, 5, 6, 7, 12, 13, 15, 19, 20, 21, 22, 23, 26, 27, 28, 31, 34, 35, 36, 38, 39, 44, 49]","[0.7900502681732178, 0.7890094518661499, 0.7829703688621521, 0.7792168855667114, 0.7773754596710205, 0.7721670866012573, 0.7715295553207397, 0.7710930109024048, 0.7669283151626587, 0.7665334343910217, 0.7642675638198853, 0.7641370296478271, 0.7635016441345215, 0.7631875872612, 0.7624754905700684, 0.7613273859024048, 0.7604242563247681, 0.7559186220169067, 0.7548103928565979, 0.7533010840415955, 0.7531605362892151, 0.7525964379310608, 0.7516467571258545, 0.7508513927459717, 0.7508513927459717, 0.750800371170044, 0.750778079032898, 0.7504759430885315, 0.7485329508781433, 0.747399091720581, 0.7441174983978271, 0.7437056303024292, 0.7429014444351196, 0.7401126623153687, 0.7375515699386597, 0.7369173765182495, 0.7363855838775635, 0.7339966893196106, 0.7334762811660767, 0.7315198183059692, 0.7304344773292542, 0.7286434173583984, 0.7252509593963623, 0.7236216068267822, 0.7233450412750244, 0.7215214967727661, 0.7098621129989624, 0.696684718132019, 0.6913602352142334, 0.6744771599769592]",0.5,0.6596744363576255,19.64270000007673,0.5994999999074935,53.356399999984205
BAAI/bge-base-en-v1.5,books about astronomy,OL24157415W,"['OL24157415W', 'OL17426146W', 'OL18710550W']","['OL24157415W', 'OL17426146W', 'OL18710550W', 'OL18166715W', 'OL24249118W']","['OL24157415W', 'OL17426146W', 'OL18710550W', 'OL18166715W', 'OL24249118W', 'OL15676139W', 'OL14926389W', 'OL6472803W', 'OL2708085W', 'OL7026134W']","[1, 2, 4, 7, 8, 9, 10, 11, 15, 16, 18, 19, 20, 21, 22, 23, 24, 26, 30, 31, 32, 33, 40, 44, 47]","[0.7861791253089905, 0.7769396901130676, 0.7672675848007202, 0.7655202746391296, 0.7588880062103271, 0.7588880062103271, 0.7578966617584229, 0.7568820714950562, 0.7563097476959229, 0.7546688318252563, 0.7536236643791199, 0.749289333820343, 0.748699426651001, 0.7467750310897827, 0.7465337514877319, 0.7463849782943726, 0.7463624477386475, 0.7456716299057007, 0.7443356513977051, 0.7436628937721252, 0.7431470155715942, 0.7419700026512146, 0.7417978048324585, 0.7412596940994263, 0.7399799823760986, 0.7390649914741516, 0.7389818429946899, 0.7361167669296265, 0.7361167669296265, 0.7352416515350342, 0.733677864074707, 0.733677864074707, 0.7286534309387207, 0.725151777267456, 0.7232247591018677, 0.7219322919845581, 0.7193789482116699, 0.7178785800933838, 0.7172390222549438, 0.7139292359352112, 0.713414192199707, 0.7114565372467041, 0.7090142965316772, 0.7057240605354309, 0.6998369097709656, 0.6974578499794006, 0.693474531173706, 0.6926959156990051, 0.6811869144439697, 0.673229455947876]",1.0,0.9150828367353113,20.372700000052646,0.578000000132306,50.933000000213724
BAAI/bge-base-en-v1.5,books about economics,OL19664827W,"['OL19664827W', 'OL27956076W', 'OL5645309W']","['OL19664827W', 'OL27956076W', 'OL5645309W', 'OL21275120W', 'OL24121399W']","['OL19664827W', 'OL27956076W', 'OL5645309W', 'OL21275120W', 'OL24121399W', 'OL17576100W', 'OL17388696W', 'OL15537999W', 'OL20850346W', 'OL7442683W']","[1, 2, 7, 8, 9, 10, 11, 12, 15, 16, 17, 18, 19, 20, 21, 23, 24, 26, 29, 31, 33, 34, 38, 44, 45]","[0.7681846618652344, 0.752832293510437, 0.7522110939025879, 0.7497145533561707, 0.740687370300293, 0.738911509513855, 0.7367104291915894, 0.7364916801452637, 0.7364161610603333, 0.7338100671768188, 0.7319523096084595, 0.7315580248832703, 0.7314770221710205, 0.7279472351074219, 0.7252860069274902, 0.7248740196228027, 0.7248740196228027, 0.7248740196228027, 0.7231763601303101, 0.7231234908103943, 0.7215409874916077, 0.7211436033248901, 0.7200028896331787, 0.7196775674819946, 0.7161867022514343, 0.7159352898597717, 0.7154026031494141, 0.7147563695907593, 0.7144267559051514, 0.7129747867584229, 0.7128193974494934, 0.7123491764068604, 0.7069639563560486, 0.7066107392311096, 0.7059667110443115, 0.7043802738189697, 0.7042681574821472, 0.6959457397460938, 0.6950865983963013, 0.6939528584480286, 0.6923264861106873, 0.6915496587753296, 0.6912495493888855, 0.689936101436615, 0.684841513633728, 0.6814042329788208, 0.6674346327781677, 0.6659634113311768, 0.6619816422462463, 0.6535003185272217]",1.0,0.8376960200544132,24.557199999890145,0.4309000000830565,65.5063000001519
BAAI/bge-base-en-v1.5,books about business management,OL16318172W,"['OL16318172W', 'OL10749873W', 'OL13537864W']","['OL16318172W', 'OL10749873W', 'OL13537864W', 'OL18153275W', 'OL7455311W']","['OL16318172W', 'OL10749873W', 'OL13537864W', 'OL18153275W', 'OL7455311W', 'OL21627903W', 'OL26727687W', 'OL15179494W', 'OL7145016W', 'OL185105W']","[2, 4, 5, 6, 8, 9, 10, 11, 12, 13, 15, 18, 20, 21, 24, 25, 26, 27, 28, 29, 30, 35, 36, 39, 49]","[0.8201745748519897, 0.7970825433731079, 0.7802221775054932, 0.7747622728347778, 0.7732469439506531, 0.7712361812591553, 0.7709315419197083, 0.7664858102798462, 0.7629204988479614, 0.7604929208755493, 0.7574290633201599, 0.7522799968719482, 0.7488734722137451, 0.7361843585968018, 0.7317272424697876, 0.7164309620857239, 0.7150439620018005, 0.7149221897125244, 0.7147359848022461, 0.711213231086731, 0.7091452479362488, 0.7061634063720703, 0.7054757475852966, 0.7035940885543823, 0.7027484774589539, 0.7027484774589539, 0.7016749382019043, 0.7001035809516907, 0.6989197731018066, 0.6957540512084961, 0.6912291049957275, 0.6875563263893127, 0.6864611506462097, 0.6831158399581909, 0.6794154644012451, 0.6728622913360596, 0.6678719520568848, 0.6677685976028442, 0.6676676273345947, 0.6662530899047852, 0.6659553050994873, 0.6627476811408997, 0.6623886823654175, 0.6623886823654175, 0.6587641835212708, 0.658475935459137, 0.6573635935783386, 0.6563107967376709, 0.648042619228363, 0.5528377294540405]",0.5,0.7289510470781501,18.634400000109963,0.3652999998848827,95.38019999990865
BAAI/bge-base-en-v1.5,historical fiction novels,OL20292353W,"['OL20292353W', 'OL20204292W', 'OL5847216W']","['OL20292353W', 'OL20204292W', 'OL5847216W', 'OL25194492W', 'OL17201625W']","['OL20292353W', 'OL20204292W', 'OL5847216W', 'OL25194492W', 'OL17201625W', 'OL1132264W', 'OL6308792W', 'OL4985883W', 'OL4985887W', 'OL16287017W']","[1, 2, 3, 4, 5, 6, 7, 10, 11, 16, 17, 18, 19, 20, 22, 23, 25, 26, 27, 28, 29, 30, 33, 38, 42]","[0.7297616004943848, 0.7173318862915039, 0.7134324312210083, 0.7078532576560974, 0.7056686878204346, 0.7019973993301392, 0.7003289461135864, 0.6989941000938416, 0.6989941000938416, 0.6976742148399353, 0.6969857811927795, 0.6963585615158081, 0.6929309368133545, 0.688378632068634, 0.688378632068634, 0.6881469488143921, 0.6881469488143921, 0.6816002130508423, 0.6791859865188599, 0.6720597147941589, 0.6662582159042358, 0.662548840045929, 0.6604125499725342, 0.6602902412414551, 0.6569288372993469, 0.6555273532867432, 0.6540164947509766, 0.6538228988647461, 0.6538228988647461, 0.6538228988647461, 0.6532744765281677, 0.652734637260437, 0.6519219875335693, 0.6479376554489136, 0.6455349922180176, 0.6446690559387207, 0.6348578333854675, 0.6300003528594971, 0.6054881811141968, 0.6004884839057922, 0.5954114198684692, 0.5949292182922363, 0.5939617156982422, 0.5808096528053284, 0.5730400085449219, 0.5437269806861877, 0.5398316979408264, 0.5103647112846375, 0.5026155710220337, 0.44640183448791504]",1.0,0.723716603579383,23.28950000014629,0.3374000000349042,91.81370000032985
BAAI/bge-base-en-v1.5,books about World War II,OL16978337W,"['OL16978337W', 'OL27475282W', 'OL21491841W']","['OL16978337W', 'OL27475282W', 'OL21491841W', 'OL16290781W', 'OL28873503W']","['OL16978337W', 'OL27475282W', 'OL21491841W', 'OL16290781W', 'OL28873503W', 'OL5951588W', 'OL30564972W', 'OL1935623W', 'OL8105535W', 'OL21628992W']","[2, 4, 6, 7, 8, 10, 11, 14, 15, 16, 17, 18, 20, 22, 24, 29, 30, 31, 34, 35, 36, 38, 39, 40, 48]","[0.792195200920105, 0.7786688804626465, 0.7772691249847412, 0.7722043395042419, 0.7720181345939636, 0.7657755613327026, 0.7645916938781738, 0.763861894607544, 0.7623159885406494, 0.7622281908988953, 0.7616043090820312, 0.7553444504737854, 0.7500841617584229, 0.749871015548706, 0.7481311559677124, 0.7462811470031738, 0.7447011470794678, 0.743916928768158, 0.7417479753494263, 0.741142749786377, 0.73907470703125, 0.7382696270942688, 0.7369412183761597, 0.7357974052429199, 0.7324764728546143, 0.7313046455383301, 0.7312994003295898, 0.724124550819397, 0.7237270474433899, 0.7227346301078796, 0.7213848829269409, 0.7152600884437561, 0.7148029208183289, 0.7145196199417114, 0.7131896018981934, 0.711114227771759, 0.7092141509056091, 0.707807719707489, 0.7065843343734741, 0.7063286304473877, 0.705136775970459, 0.7030185461044312, 0.70283442735672, 0.7028238773345947, 0.6981870532035828, 0.6974468231201172, 0.6891216039657593, 0.6865653991699219, 0.6862818598747253, 0.6826907396316528]",0.5,0.6819535544110662,22.0220999999583,0.38910000012037926,55.701600000020335
BAAI/bge-base-en-v1.5,romance novels,OL15714516W,"['OL15714516W', 'OL25066185W', 'OL20003730W']","['OL15714516W', 'OL25066185W', 'OL20003730W', 'OL1175646W', 'OL7199786W']","['OL15714516W', 'OL25066185W', 'OL20003730W', 'OL1175646W', 'OL7199786W', 'OL9573965W', 'OL21235118W', 'OL1088976W', 'OL23181964W', 'OL27559218W']","[1, 2, 3, 6, 7, 8, 9, 10, 11, 12, 13, 14, 15, 16, 18, 22, 23, 26, 28, 31, 37, 40, 41, 42, 48]","[0.760589063167572, 0.7376695275306702, 0.7341585159301758, 0.7327966094017029, 0.732214093208313, 0.7295534610748291, 0.7202790975570679, 0.7189801931381226, 0.7180673480033875, 0.7170639634132385, 0.7167116403579712, 0.7163006067276001, 0.7155313491821289, 0.7116812467575073, 0.7090359330177307, 0.705814003944397, 0.7050710916519165, 0.7050446271896362, 0.7045656442642212, 0.7040157914161682, 0.7027149200439453, 0.6991676688194275, 0.6991406083106995, 0.6973153352737427, 0.6959742903709412, 0.6956534385681152, 0.6950246095657349, 0.6934524774551392, 0.6929861307144165, 0.6918789148330688, 0.689397931098938, 0.6887997984886169, 0.6775447130203247, 0.6775447130203247, 0.6758192181587219, 0.6744005084037781, 0.6661961674690247, 0.663707435131073, 0.6633491516113281, 0.6621145009994507, 0.6523551940917969, 0.6408226490020752, 0.6194221377372742, 0.6019884347915649, 0.6013709306716919, 0.5950846076011658, 0.568968653678894, 0.5457123517990112, 0.5442655086517334, 0.5028470754623413]",1.0,0.8666819943586104,19.731599999886384,0.3169999999954598,55.359299999963696
BAAI/bge-base-en-v1.5,detective mystery books,OL26176466W,"['OL26176466W', 'OL24260386W', 'OL15397027W']","['OL26176466W', 'OL24260386W', 'OL15397027W', 'OL16075002W', 'OL15160696W']","['OL26176466W', 'OL24260386W', 'OL15397027W', 'OL16075002W', 'OL15160696W', 'OL17508685W', 'OL18338863W', 'OL38629924W', 'OL17739330W', 'OL7243352W']","[1, 3, 5, 6, 7, 9, 10, 11, 13, 14, 19, 23, 24, 26, 27, 29, 30, 32, 33, 35, 40, 41, 42, 45, 48]","[0.7745960354804993, 0.7738841772079468, 0.7454513311386108, 0.7379895448684692, 0.7363438606262207, 0.7297167181968689, 0.7285432815551758, 0.7276771068572998, 0.727300763130188, 0.7270119190216064, 0.7183957695960999, 0.716850757598877, 0.7133088707923889, 0.7116127610206604, 0.708550214767456, 0.7072972059249878, 0.7021523714065552, 0.6987429857254028, 0.696644127368927, 0.693770706653595, 0.6880226135253906, 0.6876220107078552, 0.6871812343597412, 0.6834118366241455, 0.6779180765151978, 0.6770997047424316, 0.6758867502212524, 0.6743165254592896, 0.6735774278640747, 0.6727113723754883, 0.6720162034034729, 0.6710568070411682, 0.6690909266471863, 0.6690909266471863, 0.6688448190689087, 0.6657860279083252, 0.6566470861434937, 0.6518644094467163, 0.6432347297668457, 0.6427546739578247, 0.6376150846481323, 0.6318739652633667, 0.6243650317192078, 0.5910272598266602, 0.5750440955162048, 0.5687010884284973, 0.5582960247993469, 0.5397306084632874, 0.4944666028022766, 0.45697319507598877]",1.0,0.6915814828155081,19.634400000086316,0.37040000006527407,74.70420000004196
BAAI/bge-base-en-v1.5,books about philosophy,OL16460036W,"['OL16460036W', 'OL7330101W', 'OL18964187W']","['OL16460036W', 'OL7330101W', 'OL18964187W', 'OL18246130W', 'OL19243971W']","['OL16460036W', 'OL7330101W', 'OL18964187W', 'OL18246130W', 'OL19243971W', 'OL6804005W', 'OL21201518W', 'OL20712590W', 'OL3580629W', 'OL13616812W']","[1, 3, 4, 5, 7, 8, 9, 12, 14, 15, 16, 19, 22, 24, 25, 26, 29, 31, 34, 35, 43, 44, 45, 46, 48]","[0.7930655479431152, 0.7608916759490967, 0.7607311010360718, 0.7553837895393372, 0.753803014755249, 0.7535795569419861, 0.7527177333831787, 0.7515805959701538, 0.7467633485794067, 0.7451321482658386, 0.744048535823822, 0.7440404891967773, 0.7440404891967773, 0.7426885962486267, 0.7408262491226196, 0.739275336265564, 0.7382097244262695, 0.7379529476165771, 0.7378952503204346, 0.7356241941452026, 0.7345786094665527, 0.7335014343261719, 0.7326568961143494, 0.7326568961143494, 0.7321760058403015, 0.7296798229217529, 0.7286084890365601, 0.7276932001113892, 0.7276487946510315, 0.7271707057952881, 0.7266756296157837, 0.7259588241577148, 0.7250019907951355, 0.7235399484634399, 0.7223348021507263, 0.7192410230636597, 0.7189085483551025, 0.7187896966934204, 0.7185146808624268, 0.7105468511581421, 0.7071869373321533, 0.7066512107849121, 0.7065776586532593, 0.7036575078964233, 0.697097659111023, 0.6963505744934082, 0.6899497509002686, 0.686369776725769, 0.6828701496124268, 0.6550052762031555]",1.0,0.6616010406051183,17.289100000198232,0.34479999999348365,50.16990000012811
BAAI/bge-base-en-v1.5,books about programming for beginners,OL26419793W,"['OL26419793W', 'OL8273555W', 'OL440794W']","['OL26419793W', 'OL8273555W', 'OL440794W', 'OL17930014W', 'OL22156984W']","['OL26419793W', 'OL8273555W', 'OL440794W', 'OL17930014W', 'OL22156984W', 'OL24679901W', 'OL2817551W', 'OL20005256W', 'OL15187300W', 'OL4659342W']","[1, 2, 3, 4, 5, 6, 8, 9, 13, 14, 17, 18, 19, 20, 21, 22, 24, 26, 27, 30, 31, 35, 37, 39, 49]","[0.7618316411972046, 0.7543352842330933, 0.7474204301834106, 0.7469367980957031, 0.7423855066299438, 0.7399293184280396, 0.7385427355766296, 0.7373132705688477, 0.7359851598739624, 0.7240880727767944, 0.7240289449691772, 0.72359299659729, 0.7229438424110413, 0.7224200963973999, 0.7175506353378296, 0.7162343263626099, 0.7152131199836731, 0.7150209546089172, 0.7147500514984131, 0.712883472442627, 0.7128065228462219, 0.7074636220932007, 0.7067679166793823, 0.7017395496368408, 0.7006374001502991, 0.6988718509674072, 0.6970670223236084, 0.6967263221740723, 0.6954948902130127, 0.6939247846603394, 0.6903440356254578, 0.6879434585571289, 0.6868948936462402, 0.6862425804138184, 0.6846003532409668, 0.6794710159301758, 0.67861008644104, 0.6756449937820435, 0.6744464635848999, 0.673815131187439, 0.672615110874176, 0.6709434986114502, 0.6689069271087646, 0.6682153940200806, 0.6662962436676025, 0.6662962436676025, 0.6581958532333374, 0.6437777280807495, 0.6336233615875244, 0.5791816115379333]",1.0,0.9751271659335177,22.01239999999416,0.35359999992579105,104.54340000001139
BAAI/bge-base-en-v1.5,books about neural networks,OL19890396W,"['OL19890396W', 'OL7944256W', 'OL19205420W']","['OL19890396W', 'OL7944256W', 'OL19205420W', 'OL16966671W', 'OL9074961W']","['OL19890396W', 'OL7944256W', 'OL19205420W', 'OL16966671W', 'OL9074961W', 'OL20751317W', 'OL11287853W', 'OL9076197W', 'OL19890406W', 'OL4733182W']","[1, 2, 3, 5, 7, 9, 10, 12, 13, 14, 15, 16, 20, 22, 24, 26, 29, 34, 35, 36, 39, 43, 46, 47, 48]","[0.841533362865448, 0.841533362865448, 0.8410463333129883, 0.8385453224182129, 0.8352432250976562, 0.8347253203392029, 0.8312332034111023, 0.8293748497962952, 0.8283495903015137, 0.825287938117981, 0.8191973567008972, 0.817969799041748, 0.8169466257095337, 0.8154188394546509, 0.8144445419311523, 0.8093039989471436, 0.8089359998703003, 0.8087244033813477, 0.8084993362426758, 0.808316707611084, 0.8079074621200562, 0.8074201345443726, 0.8063509464263916, 0.8060232400894165, 0.8053377866744995, 0.8050471544265747, 0.8040879964828491, 0.8028252720832825, 0.7999500036239624, 0.7998001575469971, 0.7989631295204163, 0.7984796762466431, 0.7981865406036377, 0.7971649169921875, 0.79689621925354, 0.7967572212219238, 0.7915098667144775, 0.7897781133651733, 0.7874845266342163, 0.7842944860458374, 0.7755492925643921, 0.7752066254615784, 0.754135251045227, 0.7531534433364868, 0.7488032579421997, 0.7447131276130676, 0.7272832989692688, 0.7220199108123779, 0.700921893119812, 0.618744969367981]",1.0,0.9464441959171065,22.296000000096683,0.43879999998353014,76.48920000019643
BAAI/bge-base-en-v1.5,books about natural language processing,OL7953692W,"['OL7953692W', 'OL4702512W', 'OL19210539W']","['OL7953692W', 'OL4702512W', 'OL19210539W', 'OL20154521W', 'OL21574708W']","['OL7953692W', 'OL4702512W', 'OL19210539W', 'OL20154521W', 'OL21574708W', 'OL5273035W', 'OL6335289W', 'OL5366066W', 'OL18875020W', 'OL20667623W']","[1, 2, 3, 4, 5, 8, 9, 10, 11, 12, 13, 17, 19, 20, 21, 24, 26, 28, 29, 31, 34, 36, 37, 39, 42]","[0.8236676454544067, 0.8225625157356262, 0.8205717206001282, 0.8166879415512085, 0.8071582317352295, 0.806840181350708, 0.8054859638214111, 0.8054474592208862, 0.8054264783859253, 0.8019295930862427, 0.7996231317520142, 0.7994505763053894, 0.7961056232452393, 0.7954620122909546, 0.7946608662605286, 0.7922977805137634, 0.7914527654647827, 0.7905206084251404, 0.790147602558136, 0.7900823354721069, 0.7898675799369812, 0.7893126606941223, 0.7890903949737549, 0.7890070080757141, 0.7889915704727173, 0.788982629776001, 0.7883904576301575, 0.7875604033470154, 0.7865028381347656, 0.7810949087142944, 0.7800688743591309, 0.7750875949859619, 0.7744513750076294, 0.7743470668792725, 0.7716407775878906, 0.7707335352897644, 0.7684924602508545, 0.7681726813316345, 0.7654257416725159, 0.7597330808639526, 0.758554995059967, 0.75575852394104, 0.7553409337997437, 0.7532000541687012, 0.7313544750213623, 0.7116312980651855, 0.711591362953186, 0.6975429654121399, 0.6865866780281067, 0.5270262956619263]",1.0,0.8177326052029211,29.860400000188747,0.3656999999748223,64.25310000008722
BAAI/bge-base-en-v1.5,books about computer vision,OL16938256W,"['OL16938256W', 'OL21153703W', 'OL15679957W']","['OL16938256W', 'OL21153703W', 'OL15679957W', 'OL3264189W', 'OL17581274W']","['OL16938256W', 'OL21153703W', 'OL15679957W', 'OL3264189W', 'OL17581274W', 'OL6025415W', 'OL4283537W', 'OL16997205W', 'OL5353332W', 'OL19051956W']","[2, 3, 4, 6, 8, 10, 11, 12, 13, 14, 15, 18, 20, 21, 22, 25, 30, 32, 33, 34, 36, 40, 43, 47, 48]","[0.8506081700325012, 0.8335734605789185, 0.8298447132110596, 0.8256316184997559, 0.8251756429672241, 0.8233776688575745, 0.8228856921195984, 0.8215816020965576, 0.8164858222007751, 0.8158905506134033, 0.815633237361908, 0.8146816492080688, 0.8121951222419739, 0.8091641664505005, 0.8083435297012329, 0.8070927262306213, 0.8052181005477905, 0.803066611289978, 0.8008643388748169, 0.7990596294403076, 0.7966815233230591, 0.7942695617675781, 0.794137716293335, 0.7926075458526611, 0.7923126816749573, 0.7887040376663208, 0.7851406335830688, 0.7846003174781799, 0.7845070958137512, 0.7811259627342224, 0.780927300453186, 0.773565948009491, 0.773358941078186, 0.7729536294937134, 0.7726371884346008, 0.7724802494049072, 0.7718120813369751, 0.7714817523956299, 0.7692816853523254, 0.7683671116828918, 0.7664457559585571, 0.7612280249595642, 0.7560269832611084, 0.7491094470024109, 0.7482322454452515, 0.7255247831344604, 0.7221024036407471, 0.7105104923248291, 0.6888027191162109, 0.6219360828399658]",0.5,0.7285744159313259,22.136399999908463,0.33069999994950194,99.99769999990349
BAAI/bge-base-en-v1.5,books about entrepreneurship,OL23173566W,"['OL23173566W', 'OL21282446W', 'OL15894733W']","['OL23173566W', 'OL21282446W', 'OL15894733W', 'OL38227417W', 'OL25089922W']","['OL23173566W', 'OL21282446W', 'OL15894733W', 'OL38227417W', 'OL25089922W', 'OL24393661W', 'OL25685573W', 'OL18965897W', 'OL22311587W', 'OL19281738W']","[1, 2, 3, 4, 5, 6, 7, 9, 13, 14, 16, 17, 18, 20, 21, 23, 24, 25, 28, 30, 34, 41, 42, 44, 46]","[0.7674522399902344, 0.764278769493103, 0.7630264163017273, 0.7595633864402771, 0.7583202123641968, 0.756316065788269, 0.7552106380462646, 0.7504698038101196, 0.7503911256790161, 0.7486748695373535, 0.7479082942008972, 0.7477003335952759, 0.7459604144096375, 0.7446039319038391, 0.7415700554847717, 0.7404813170433044, 0.7391038537025452, 0.7381711006164551, 0.7361315488815308, 0.735692024230957, 0.7350128889083862, 0.7349832057952881, 0.7346909642219543, 0.7304795980453491, 0.7286991477012634, 0.7270509004592896, 0.726756751537323, 0.7265512943267822, 0.7253983616828918, 0.7253751158714294, 0.7246797680854797, 0.7246184349060059, 0.7228395938873291, 0.722466230392456, 0.7194784879684448, 0.7190186977386475, 0.7187371253967285, 0.7158669233322144, 0.7118513584136963, 0.7107867002487183, 0.7076603174209595, 0.7037035226821899, 0.7022130489349365, 0.7015440464019775, 0.687325119972229, 0.6865905523300171, 0.5964813828468323, 0.5806944370269775, 0.5703478455543518, 0.5147726535797119]",1.0,0.9155093077409083,16.540500000019165,0.36150000005363836,46.99930000015229
